kommun,bransch,sokvariant,enhet,sokresultatsidor,sidor_med_annonser,andel_utan_annonser,andel_lokalt_forst,andel_utan_lokalt_foretag,underlag,andel_utan_lokalt_foretag_alla_sidor,andel_lokalt_forst_inkl_kedjor,andel_utan_lokalt_inkl_kedjor,andel_externa_som_namner_orten,andel_oklassat
enkoping,alla,alla,alla,1470,925,0.3707,0.0141,0.9233,730,0.9495,0.3535,0.4315,0.2103,0.0100
enkoping,alla,alla,mobil,735,493,0.3293,0.0203,0.8817,389,0.9171,0.3347,0.4216,0.2247,0.0144
enkoping,alla,alla,dator,735,432,0.4122,0.0069,0.9707,341,0.9820,0.3750,0.4428,0.1937,0.0050
enkoping,alla,ort,alla,294,188,0.3605,0.0319,0.9189,148,0.9459,0.4096,0.3649,0.2284,0.0077
enkoping,alla,ort,mobil,147,105,0.2857,0.0476,0.8824,85,0.9099,0.3714,0.3765,0.2421,0.0035
enkoping,alla,ort,dator,147,83,0.4354,0.0120,0.9683,63,0.9820,0.4578,0.3492,0.2119,0.0127
enkoping,alla,i_ort,alla,294,198,0.3265,0.0202,0.8994,159,0.9279,0.3990,0.3774,0.2149,0.0071
enkoping,alla,i_ort,mobil,147,108,0.2653,0.0185,0.8605,86,0.8919,0.3519,0.3837,0.2168,0.0097
enkoping,alla,i_ort,dator,147,90,0.3878,0.0222,0.9452,73,0.9640,0.4556,0.3699,0.2126,0.0039
enkoping,alla,basta,alla,294,183,0.3776,0.0000,0.9658,146,0.9775,0.3770,0.4384,0.2285,0.0056
enkoping,alla,basta,mobil,147,96,0.3469,0.0000,0.9342,76,0.9550,0.3542,0.4342,0.2349,0.0101
enkoping,alla,basta,dator,147,87,0.4082,0.0000,1.0000,70,1.0000,0.4023,0.4429,0.2203,0.0000
enkoping,alla,nara_mig,alla,294,160,0.4558,0.0000,0.9500,120,0.9730,0.2500,0.5583,0.1393,0.0205
enkoping,alla,nara_mig,mobil,147,77,0.4762,0.0000,0.8947,57,0.9459,0.2597,0.5263,0.1709,0.0352
enkoping,alla,nara_mig,dator,147,83,0.4354,0.0000,1.0000,63,1.0000,0.2410,0.5873,0.1130,0.0084
enkoping,alla,akut,alla,294,196,0.3333,0.0153,0.8917,157,0.9234,0.3163,0.4459,0.2278,0.0111
enkoping,alla,akut,mobil,147,107,0.2721,0.0280,0.8471,85,0.8829,0.3178,0.4235,0.2417,0.0199
enkoping,alla,akut,dator,147,89,0.3946,0.0000,0.9444,72,0.9640,0.3146,0.4722,0.2101,0.0000
enkoping,mäklare,alla,alla,30,28,0.0667,0.0000,1.0000,28,1.0000,0.0357,0.5357,0.2353,0.0353
enkoping,mäklare,alla,mobil,15,13,0.1333,0.0000,1.0000,13,1.0000,0.0769,0.3077,0.2500,0.0000
enkoping,mäklare,alla,dator,15,15,0.0000,0.0000,1.0000,15,1.0000,0.0000,0.7333,0.2195,0.0732
enkoping,mäklare,ort,alla,6,6,0.0000,0.0000,1.0000,6,1.0000,0.1667,0.1667,0.1111,0.1667
enkoping,mäklare,ort,mobil,3,3,0.0000,0.0000,1.0000,3,1.0000,0.3333,0.0000,0.1111,0.0000
enkoping,mäklare,ort,dator,3,3,0.0000,0.0000,1.0000,3,1.0000,0.0000,0.3333,0.1111,0.3333
enkoping,mäklare,i_ort,alla,6,6,0.0000,0.0000,1.0000,6,1.0000,0.0000,0.1667,0.2941,0.0000
enkoping,mäklare,i_ort,mobil,3,3,0.0000,0.0000,1.0000,3,1.0000,0.0000,0.0000,0.3000,0.0000
enkoping,mäklare,i_ort,dator,3,3,0.0000,0.0000,1.0000,3,1.0000,0.0000,0.3333,0.2857,0.0000
enkoping,mäklare,basta,alla,6,6,0.0000,0.0000,1.0000,6,1.0000,0.0000,0.6667,0.2632,0.0000
enkoping,mäklare,basta,mobil,3,3,0.0000,0.0000,1.0000,3,1.0000,0.0000,0.3333,0.2727,0.0000
enkoping,mäklare,basta,dator,3,3,0.0000,0.0000,1.0000,3,1.0000,0.0000,1.0000,0.2500,0.0000
enkoping,mäklare,nara_mig,alla,6,4,0.3333,0.0000,1.0000,4,1.0000,0.0000,1.0000,0.2308,0.0000
enkoping,mäklare,nara_mig,mobil,3,1,0.6667,0.0000,1.0000,1,1.0000,0.0000,1.0000,0.3333,0.0000
enkoping,mäklare,nara_mig,dator,3,3,0.0000,0.0000,1.0000,3,1.0000,0.0000,1.0000,0.2000,0.0000
enkoping,mäklare,akut,alla,6,6,0.0000,0.0000,1.0000,6,1.0000,0.0000,0.8333,0.2778,0.0000
enkoping,mäklare,akut,mobil,3,3,0.0000,0.0000,1.0000,3,1.0000,0.0000,0.6667,0.2727,0.0000
enkoping,mäklare,akut,dator,3,3,0.0000,0.0000,1.0000,3,1.0000,0.0000,1.0000,0.2857,0.0000
enkoping,elektriker,alla,alla,30,27,0.1000,0.0000,1.0000,27,1.0000,0.0000,0.8889,0.5106,0.0000
enkoping,elektriker,alla,mobil,15,13,0.1333,0.0000,1.0000,13,1.0000,0.0000,0.9231,0.5870,0.0000
enkoping,elektriker,alla,dator,15,14,0.0667,0.0000,1.0000,14,1.0000,0.0000,0.8571,0.4375,0.0000
enkoping,elektriker,ort,alla,6,6,0.0000,0.0000,1.0000,6,1.0000,0.0000,0.8333,0.5455,0.0000
enkoping,elektriker,ort,mobil,3,3,0.0000,0.0000,1.0000,3,1.0000,0.0000,0.6667,0.6364,0.0000
enkoping,elektriker,ort,dator,3,3,0.0000,0.0000,1.0000,3,1.0000,0.0000,1.0000,0.4545,0.0000
enkoping,elektriker,i_ort,alla,6,6,0.0000,0.0000,1.0000,6,1.0000,0.0000,1.0000,0.4091,0.0000
enkoping,elektriker,i_ort,mobil,3,3,0.0000,0.0000,1.0000,3,1.0000,0.0000,1.0000,0.5000,0.0000
enkoping,elektriker,i_ort,dator,3,3,0.0000,0.0000,1.0000,3,1.0000,0.0000,1.0000,0.3333,0.0000
enkoping,elektriker,basta,alla,6,6,0.0000,0.0000,1.0000,6,1.0000,0.0000,0.8333,0.3478,0.0000
enkoping,elektriker,basta,mobil,3,3,0.0000,0.0000,1.0000,3,1.0000,0.0000,1.0000,0.4167,0.0000
enkoping,elektriker,basta,dator,3,3,0.0000,0.0000,1.0000,3,1.0000,0.0000,0.6667,0.2727,0.0000
enkoping,elektriker,nara_mig,alla,6,3,0.5000,0.0000,1.0000,3,1.0000,0.0000,0.6667,0.4444,0.0000
enkoping,elektriker,nara_mig,mobil,3,1,0.6667,0.0000,1.0000,1,1.0000,0.0000,1.0000,0.6667,0.0000
enkoping,elektriker,nara_mig,dator,3,2,0.3333,0.0000,1.0000,2,1.0000,0.0000,0.5000,0.3333,0.0000
enkoping,elektriker,akut,alla,6,6,0.0000,0.0000,1.0000,6,1.0000,0.0000,1.0000,0.8333,0.0000
enkoping,elektriker,akut,mobil,3,3,0.0000,0.0000,1.0000,3,1.0000,0.0000,1.0000,0.8000,0.0000
enkoping,elektriker,akut,dator,3,3,0.0000,0.0000,1.0000,3,1.0000,0.0000,1.0000,0.8750,0.0000
enkoping,rörmokare,alla,alla,30,24,0.2000,0.0000,0.7083,24,0.7667,0.0000,0.6250,0.2917,0.0139
enkoping,rörmokare,alla,mobil,15,14,0.0667,0.0000,0.5714,14,0.6000,0.0000,0.4286,0.3182,0.0227
enkoping,rörmokare,alla,dator,15,10,0.3333,0.0000,0.9000,10,0.9333,0.0000,0.9000,0.2500,0.0000
enkoping,rörmokare,ort,alla,6,5,0.1667,0.0000,1.0000,5,1.0000,0.0000,0.6000,0.2353,0.0588
enkoping,rörmokare,ort,mobil,3,3,0.0000,0.0000,1.0000,3,1.0000,0.0000,0.3333,0.2727,0.0909
enkoping,rörmokare,ort,dator,3,2,0.3333,0.0000,1.0000,2,1.0000,0.0000,1.0000,0.1667,0.0000
enkoping,rörmokare,i_ort,alla,6,5,0.1667,0.0000,0.6000,5,0.6667,0.0000,0.6000,0.2500,0.0000
enkoping,rörmokare,i_ort,mobil,3,3,0.0000,0.0000,0.3333,3,0.3333,0.0000,0.3333,0.3000,0.0000
enkoping,rörmokare,i_ort,dator,3,2,0.3333,0.0000,1.0000,2,1.0000,0.0000,1.0000,0.1667,0.0000
enkoping,rörmokare,basta,alla,6,4,0.3333,0.0000,1.0000,4,1.0000,0.0000,1.0000,0.4000,0.0000
enkoping,rörmokare,basta,mobil,3,3,0.0000,0.0000,1.0000,3,1.0000,0.0000,1.0000,0.4286,0.0000
enkoping,rörmokare,basta,dator,3,1,0.6667,0.0000,1.0000,1,1.0000,0.0000,1.0000,0.3333,0.0000
enkoping,rörmokare,nara_mig,alla,6,4,0.3333,0.0000,0.5000,4,0.6667,0.0000,0.5000,0.2500,0.0000
enkoping,rörmokare,nara_mig,mobil,3,2,0.3333,0.0000,0.0000,2,0.3333,0.0000,0.0000,0.2857,0.0000
enkoping,rörmokare,nara_mig,dator,3,2,0.3333,0.0000,1.0000,2,1.0000,0.0000,1.0000,0.2000,0.0000
enkoping,rörmokare,akut,alla,6,6,0.0000,0.0000,0.5000,6,0.5000,0.0000,0.5000,0.3529,0.0000
enkoping,rörmokare,akut,mobil,3,3,0.0000,0.0000,0.3333,3,0.3333,0.0000,0.3333,0.3333,0.0000
enkoping,rörmokare,akut,dator,3,3,0.0000,0.0000,0.6667,3,0.6667,0.0000,0.6667,0.3750,0.0000
enkoping,bilverkstad,alla,alla,30,11,0.6333,0.0000,1.0000,11,1.0000,0.0000,1.0000,0.5000,0.0000
enkoping,bilverkstad,alla,mobil,15,7,0.5333,0.0000,1.0000,7,1.0000,0.0000,1.0000,0.7778,0.0000
enkoping,bilverkstad,alla,dator,15,4,0.7333,0.0000,1.0000,4,1.0000,0.0000,1.0000,0.2222,0.0000
enkoping,bilverkstad,ort,alla,6,1,0.8333,0.0000,1.0000,1,1.0000,0.0000,1.0000,1.0000,0.0000
enkoping,bilverkstad,ort,mobil,3,1,0.6667,0.0000,1.0000,1,1.0000,0.0000,1.0000,1.0000,0.0000
enkoping,bilverkstad,ort,dator,3,0,1.0000,,,0,1.0000,,,,
enkoping,bilverkstad,i_ort,alla,6,2,0.6667,0.0000,1.0000,2,1.0000,0.0000,1.0000,1.0000,0.0000
enkoping,bilverkstad,i_ort,mobil,3,2,0.3333,0.0000,1.0000,2,1.0000,0.0000,1.0000,1.0000,0.0000
enkoping,bilverkstad,i_ort,dator,3,0,1.0000,,,0,1.0000,,,,
enkoping,bilverkstad,basta,alla,6,0,1.0000,,,0,1.0000,,,,
enkoping,bilverkstad,basta,mobil,3,0,1.0000,,,0,1.0000,,,,
enkoping,bilverkstad,basta,dator,3,0,1.0000,,,0,1.0000,,,,
enkoping,bilverkstad,nara_mig,alla,6,3,0.5000,0.0000,1.0000,3,1.0000,0.0000,1.0000,0.0000,0.0000
enkoping,bilverkstad,nara_mig,mobil,3,1,0.6667,0.0000,1.0000,1,1.0000,0.0000,1.0000,0.0000,0.0000
enkoping,bilverkstad,nara_mig,dator,3,2,0.3333,0.0000,1.0000,2,1.0000,0.0000,1.0000,0.0000,0.0000
enkoping,bilverkstad,akut,alla,6,5,0.1667,0.0000,1.0000,5,1.0000,0.0000,1.0000,0.5455,0.0000
enkoping,bilverkstad,akut,mobil,3,3,0.0000,0.0000,1.0000,3,1.0000,0.0000,1.0000,0.8000,0.0000
enkoping,bilverkstad,akut,dator,3,2,0.3333,0.0000,1.0000,2,1.0000,0.0000,1.0000,0.3333,0.0000
enkoping,tryckeri,alla,alla,30,10,0.6667,0.0000,1.0000,10,1.0000,0.0000,1.0000,0.0400,0.0000
enkoping,tryckeri,alla,mobil,15,4,0.7333,0.0000,1.0000,4,1.0000,0.0000,1.0000,0.0000,0.0000
enkoping,tryckeri,alla,dator,15,6,0.6000,0.0000,1.0000,6,1.0000,0.0000,1.0000,0.0556,0.0000
enkoping,tryckeri,ort,alla,6,0,1.0000,,,0,1.0000,,,,
enkoping,tryckeri,ort,mobil,3,0,1.0000,,,0,1.0000,,,,
enkoping,tryckeri,ort,dator,3,0,1.0000,,,0,1.0000,,,,
enkoping,tryckeri,i_ort,alla,6,2,0.6667,0.0000,1.0000,2,1.0000,0.0000,1.0000,0.0000,0.0000
enkoping,tryckeri,i_ort,mobil,3,1,0.6667,0.0000,1.0000,1,1.0000,0.0000,1.0000,0.0000,0.0000
enkoping,tryckeri,i_ort,dator,3,1,0.6667,0.0000,1.0000,1,1.0000,0.0000,1.0000,0.0000,0.0000
enkoping,tryckeri,basta,alla,6,0,1.0000,,,0,1.0000,,,,
enkoping,tryckeri,basta,mobil,3,0,1.0000,,,0,1.0000,,,,
enkoping,tryckeri,basta,dator,3,0,1.0000,,,0,1.0000,,,,
enkoping,tryckeri,nara_mig,alla,6,3,0.5000,0.0000,1.0000,3,1.0000,0.0000,1.0000,0.1111,0.0000
enkoping,tryckeri,nara_mig,mobil,3,1,0.6667,0.0000,1.0000,1,1.0000,0.0000,1.0000,0.0000,0.0000
enkoping,tryckeri,nara_mig,dator,3,2,0.3333,0.0000,1.0000,2,1.0000,0.0000,1.0000,0.1429,0.0000
enkoping,tryckeri,akut,alla,6,5,0.1667,0.0000,1.0000,5,1.0000,0.0000,1.0000,0.0000,0.0000
enkoping,tryckeri,akut,mobil,3,2,0.3333,0.0000,1.0000,2,1.0000,0.0000,1.0000,0.0000,0.0000
enkoping,tryckeri,akut,dator,3,3,0.0000,0.0000,1.0000,3,1.0000,0.0000,1.0000,0.0000,0.0000
enkoping,visitkort,alla,alla,30,29,0.0333,0.0000,,0,,0.0000,,0.3152,0.0000
enkoping,visitkort,alla,mobil,15,15,0.0000,0.0000,,0,,0.0000,,0.3333,0.0000
enkoping,visitkort,alla,dator,15,14,0.0667,0.0000,,0,,0.0000,,0.2979,0.0000
enkoping,visitkort,ort,alla,6,6,0.0000,0.0000,,0,,0.0000,,0.3333,0.0000
enkoping,visitkort,ort,mobil,3,3,0.0000,0.0000,,0,,0.0000,,0.3750,0.0000
enkoping,visitkort,ort,dator,3,3,0.0000,0.0000,,0,,0.0000,,0.3000,0.0000
enkoping,visitkort,i_ort,alla,6,5,0.1667,0.0000,,0,,0.0000,,0.2941,0.0000
enkoping,visitkort,i_ort,mobil,3,3,0.0000,0.0000,,0,,0.0000,,0.3000,0.0000
enkoping,visitkort,i_ort,dator,3,2,0.3333,0.0000,,0,,0.0000,,0.2857,0.0000
enkoping,visitkort,basta,alla,6,6,0.0000,0.0000,,0,,0.0000,,0.3529,0.0000
enkoping,visitkort,basta,mobil,3,3,0.0000,0.0000,,0,,0.0000,,0.3333,0.0000
enkoping,visitkort,basta,dator,3,3,0.0000,0.0000,,0,,0.0000,,0.3750,0.0000
enkoping,visitkort,nara_mig,alla,6,6,0.0000,0.0000,,0,,0.0000,,0.2857,0.0000
enkoping,visitkort,nara_mig,mobil,3,3,0.0000,0.0000,,0,,0.0000,,0.3000,0.0000
enkoping,visitkort,nara_mig,dator,3,3,0.0000,0.0000,,0,,0.0000,,0.2727,0.0000
enkoping,visitkort,akut,alla,6,6,0.0000,0.0000,,0,,0.0000,,0.3158,0.0000
enkoping,visitkort,akut,mobil,3,3,0.0000,0.0000,,0,,0.0000,,0.3750,0.0000
enkoping,visitkort,akut,dator,3,3,0.0000,0.0000,,0,,0.0000,,0.2727,0.0000
enkoping,målare,alla,alla,30,22,0.2667,0.0000,1.0000,22,1.0000,0.0000,0.4091,0.1884,0.0145
enkoping,målare,alla,mobil,15,12,0.2000,0.0000,1.0000,12,1.0000,0.0000,0.4167,0.2195,0.0244
enkoping,målare,alla,dator,15,10,0.3333,0.0000,1.0000,10,1.0000,0.0000,0.4000,0.1429,0.0000
enkoping,målare,ort,alla,6,4,0.3333,0.0000,1.0000,4,1.0000,0.0000,0.7500,0.2308,0.0000
enkoping,målare,ort,mobil,3,3,0.0000,0.0000,1.0000,3,1.0000,0.0000,0.6667,0.1111,0.0000
enkoping,målare,ort,dator,3,1,0.6667,0.0000,1.0000,1,1.0000,0.0000,1.0000,0.5000,0.0000
enkoping,målare,i_ort,alla,6,5,0.1667,0.0000,1.0000,5,1.0000,0.0000,0.4000,0.2143,0.0000
enkoping,målare,i_ort,mobil,3,3,0.0000,0.0000,1.0000,3,1.0000,0.0000,0.3333,0.3333,0.0000
enkoping,målare,i_ort,dator,3,2,0.3333,0.0000,1.0000,2,1.0000,0.0000,0.5000,0.0000,0.0000
enkoping,målare,basta,alla,6,6,0.0000,0.0000,1.0000,6,1.0000,0.0000,0.3333,0.2222,0.0556
enkoping,målare,basta,mobil,3,3,0.0000,0.0000,1.0000,3,1.0000,0.0000,0.3333,0.2500,0.0833
enkoping,målare,basta,dator,3,3,0.0000,0.0000,1.0000,3,1.0000,0.0000,0.3333,0.1667,0.0000
enkoping,målare,nara_mig,alla,6,2,0.6667,0.0000,1.0000,2,1.0000,0.0000,0.5000,0.0000,0.0000
enkoping,målare,nara_mig,mobil,3,0,1.0000,,,0,1.0000,,,,
enkoping,målare,nara_mig,dator,3,2,0.3333,0.0000,1.0000,2,1.0000,0.0000,0.5000,0.0000,0.0000
enkoping,målare,akut,alla,6,5,0.1667,0.0000,1.0000,5,1.0000,0.0000,0.2000,0.1765,0.0000
enkoping,målare,akut,mobil,3,3,0.0000,0.0000,1.0000,3,1.0000,0.0000,0.3333,0.1818,0.0000
enkoping,målare,akut,dator,3,2,0.3333,0.0000,1.0000,2,1.0000,0.0000,0.0000,0.1667,0.0000
enkoping,snickare,alla,alla,30,24,0.2000,0.0000,1.0000,24,1.0000,0.1250,0.2083,0.0595,0.0119
enkoping,snickare,alla,mobil,15,13,0.1333,0.0000,1.0000,13,1.0000,0.0000,0.1538,0.0208,0.0000
enkoping,snickare,alla,dator,15,11,0.2667,0.0000,1.0000,11,1.0000,0.2727,0.2727,0.1111,0.0278
enkoping,snickare,ort,alla,6,5,0.1667,0.0000,1.0000,5,1.0000,0.2000,0.4000,0.0556,0.0000
enkoping,snickare,ort,mobil,3,3,0.0000,0.0000,1.0000,3,1.0000,0.0000,0.6667,0.0000,0.0000
enkoping,snickare,ort,dator,3,2,0.3333,0.0000,1.0000,2,1.0000,0.5000,0.0000,0.1250,0.0000
enkoping,snickare,i_ort,alla,6,6,0.0000,0.0000,1.0000,6,1.0000,0.3333,0.1667,0.1000,0.0000
enkoping,snickare,i_ort,mobil,3,3,0.0000,0.0000,1.0000,3,1.0000,0.0000,0.0000,0.0000,0.0000
enkoping,snickare,i_ort,dator,3,3,0.0000,0.0000,1.0000,3,1.0000,0.6667,0.3333,0.2222,0.0000
enkoping,snickare,basta,alla,6,6,0.0000,0.0000,1.0000,6,1.0000,0.0000,0.1667,0.0455,0.0000
enkoping,snickare,basta,mobil,3,3,0.0000,0.0000,1.0000,3,1.0000,0.0000,0.0000,0.0000,0.0000
enkoping,snickare,basta,dator,3,3,0.0000,0.0000,1.0000,3,1.0000,0.0000,0.3333,0.1000,0.0000
enkoping,snickare,nara_mig,alla,6,2,0.6667,0.0000,1.0000,2,1.0000,0.0000,0.5000,0.0000,0.1429
enkoping,snickare,nara_mig,mobil,3,1,0.6667,0.0000,1.0000,1,1.0000,0.0000,0.0000,0.0000,0.0000
enkoping,snickare,nara_mig,dator,3,1,0.6667,0.0000,1.0000,1,1.0000,0.0000,1.0000,0.0000,0.3333
enkoping,snickare,akut,alla,6,5,0.1667,0.0000,1.0000,5,1.0000,0.0000,0.0000,0.0588,0.0000
enkoping,snickare,akut,mobil,3,3,0.0000,0.0000,1.0000,3,1.0000,0.0000,0.0000,0.0909,0.0000
enkoping,snickare,akut,dator,3,2,0.3333,0.0000,1.0000,2,1.0000,0.0000,0.0000,0.0000,0.0000
enkoping,tandläkare,alla,alla,30,27,0.1000,0.1481,0.6296,27,0.6667,0.8519,0.0000,0.0000,0.0278
enkoping,tandläkare,alla,mobil,15,14,0.0667,0.2857,0.2857,14,0.3333,0.9286,0.0000,0.0000,0.0476
enkoping,tandläkare,alla,dator,15,13,0.1333,0.0000,1.0000,13,1.0000,0.7692,0.0000,0.0000,0.0000
enkoping,tandläkare,ort,alla,6,6,0.0000,0.5000,0.5000,6,0.5000,1.0000,0.0000,0.0000,0.0000
enkoping,tandläkare,ort,mobil,3,3,0.0000,1.0000,0.0000,3,0.0000,1.0000,0.0000,0.0000,0.0000
enkoping,tandläkare,ort,dator,3,3,0.0000,0.0000,1.0000,3,1.0000,1.0000,0.0000,0.0000,0.0000
enkoping,tandläkare,i_ort,alla,6,6,0.0000,0.0000,0.5000,6,0.5000,1.0000,0.0000,0.0000,0.0000
enkoping,tandläkare,i_ort,mobil,3,3,0.0000,0.0000,0.0000,3,0.0000,1.0000,0.0000,0.0000,0.0000
enkoping,tandläkare,i_ort,dator,3,3,0.0000,0.0000,1.0000,3,1.0000,1.0000,0.0000,0.0000,0.0000
enkoping,tandläkare,basta,alla,6,6,0.0000,0.0000,0.6667,6,0.6667,0.8333,0.0000,0.0000,0.0588
enkoping,tandläkare,basta,mobil,3,3,0.0000,0.0000,0.3333,3,0.3333,1.0000,0.0000,0.0000,0.1000
enkoping,tandläkare,basta,dator,3,3,0.0000,0.0000,1.0000,3,1.0000,0.6667,0.0000,0.0000,0.0000
enkoping,tandläkare,nara_mig,alla,6,3,0.5000,0.0000,0.6667,3,0.8333,1.0000,0.0000,0.0000,0.1250
enkoping,tandläkare,nara_mig,mobil,3,2,0.3333,0.0000,0.5000,2,0.6667,1.0000,0.0000,0.0000,0.2000
enkoping,tandläkare,nara_mig,dator,3,1,0.6667,0.0000,1.0000,1,1.0000,1.0000,0.0000,0.0000,0.0000
enkoping,tandläkare,akut,alla,6,6,0.0000,0.1667,0.8333,6,0.8333,0.5000,0.0000,0.0000,0.0000
enkoping,tandläkare,akut,mobil,3,3,0.0000,0.3333,0.6667,3,0.6667,0.6667,0.0000,0.0000,0.0000
enkoping,tandläkare,akut,dator,3,3,0.0000,0.0000,1.0000,3,1.0000,0.3333,0.0000,0.0000,0.0000
enkoping,frisör,alla,alla,30,2,0.9333,0.0000,1.0000,2,1.0000,0.0000,1.0000,0.0000,0.0000
enkoping,frisör,alla,mobil,15,0,1.0000,,,0,1.0000,,,,
enkoping,frisör,alla,dator,15,2,0.8667,0.0000,1.0000,2,1.0000,0.0000,1.0000,0.0000,0.0000
enkoping,frisör,ort,alla,6,0,1.0000,,,0,1.0000,,,,
enkoping,frisör,ort,mobil,3,0,1.0000,,,0,1.0000,,,,
enkoping,frisör,ort,dator,3,0,1.0000,,,0,1.0000,,,,
enkoping,frisör,i_ort,alla,6,0,1.0000,,,0,1.0000,,,,
enkoping,frisör,i_ort,mobil,3,0,1.0000,,,0,1.0000,,,,
enkoping,frisör,i_ort,dator,3,0,1.0000,,,0,1.0000,,,,
enkoping,frisör,basta,alla,6,0,1.0000,,,0,1.0000,,,,
enkoping,frisör,basta,mobil,3,0,1.0000,,,0,1.0000,,,,
enkoping,frisör,basta,dator,3,0,1.0000,,,0,1.0000,,,,
enkoping,frisör,nara_mig,alla,6,0,1.0000,,,0,1.0000,,,,
enkoping,frisör,nara_mig,mobil,3,0,1.0000,,,0,1.0000,,,,
enkoping,frisör,nara_mig,dator,3,0,1.0000,,,0,1.0000,,,,
enkoping,frisör,akut,alla,6,2,0.6667,0.0000,1.0000,2,1.0000,0.0000,1.0000,0.0000,0.0000
enkoping,frisör,akut,mobil,3,0,1.0000,,,0,1.0000,,,,
enkoping,frisör,akut,dator,3,2,0.3333,0.0000,1.0000,2,1.0000,0.0000,1.0000,0.0000,0.0000
enkoping,städfirma,alla,alla,30,29,0.0333,0.0000,0.7931,29,0.8000,1.0000,0.0000,0.1622,0.0000
enkoping,städfirma,alla,mobil,15,15,0.0000,0.0000,0.6000,15,0.6000,1.0000,0.0000,0.1463,0.0000
enkoping,städfirma,alla,dator,15,14,0.0667,0.0000,1.0000,14,1.0000,1.0000,0.0000,0.1818,0.0000
enkoping,städfirma,ort,alla,6,6,0.0000,0.0000,0.8333,6,0.8333,1.0000,0.0000,0.3571,0.0000
enkoping,städfirma,ort,mobil,3,3,0.0000,0.0000,0.6667,3,0.6667,1.0000,0.0000,0.2500,0.0000
enkoping,städfirma,ort,dator,3,3,0.0000,0.0000,1.0000,3,1.0000,1.0000,0.0000,0.5000,0.0000
enkoping,städfirma,i_ort,alla,6,5,0.1667,0.0000,0.6000,5,0.6667,1.0000,0.0000,0.1429,0.0000
enkoping,städfirma,i_ort,mobil,3,3,0.0000,0.0000,0.3333,3,0.3333,1.0000,0.0000,0.1111,0.0000
enkoping,städfirma,i_ort,dator,3,2,0.3333,0.0000,1.0000,2,1.0000,1.0000,0.0000,0.2000,0.0000
enkoping,städfirma,basta,alla,6,6,0.0000,0.0000,0.8333,6,0.8333,1.0000,0.0000,0.1176,0.0000
enkoping,städfirma,basta,mobil,3,3,0.0000,0.0000,0.6667,3,0.6667,1.0000,0.0000,0.1000,0.0000
enkoping,städfirma,basta,dator,3,3,0.0000,0.0000,1.0000,3,1.0000,1.0000,0.0000,0.1429,0.0000
enkoping,städfirma,nara_mig,alla,6,6,0.0000,0.0000,1.0000,6,1.0000,1.0000,0.0000,0.1667,0.0000
enkoping,städfirma,nara_mig,mobil,3,3,0.0000,0.0000,1.0000,3,1.0000,1.0000,0.0000,0.2000,0.0000
enkoping,städfirma,nara_mig,dator,3,3,0.0000,0.0000,1.0000,3,1.0000,1.0000,0.0000,0.1429,0.0000
enkoping,städfirma,akut,alla,6,6,0.0000,0.0000,0.6667,6,0.6667,1.0000,0.0000,0.0588,0.0000
enkoping,städfirma,akut,mobil,3,3,0.0000,0.0000,0.3333,3,0.3333,1.0000,0.0000,0.1111,0.0000
enkoping,städfirma,akut,dator,3,3,0.0000,0.0000,1.0000,3,1.0000,1.0000,0.0000,0.0000,0.0000
enkoping,flyttfirma,alla,alla,30,28,0.0667,0.0000,1.0000,28,1.0000,0.0000,1.0000,0.3398,0.0000
enkoping,flyttfirma,alla,mobil,15,14,0.0667,0.0000,1.0000,14,1.0000,0.0000,1.0000,0.3725,0.0000
enkoping,flyttfirma,alla,dator,15,14,0.0667,0.0000,1.0000,14,1.0000,0.0000,1.0000,0.3077,0.0000
enkoping,flyttfirma,ort,alla,6,6,0.0000,0.0000,1.0000,6,1.0000,0.0000,1.0000,0.4348,0.0000
enkoping,flyttfirma,ort,mobil,3,3,0.0000,0.0000,1.0000,3,1.0000,0.0000,1.0000,0.5000,0.0000
enkoping,flyttfirma,ort,dator,3,3,0.0000,0.0000,1.0000,3,1.0000,0.0000,1.0000,0.3636,0.0000
enkoping,flyttfirma,i_ort,alla,6,6,0.0000,0.0000,1.0000,6,1.0000,0.0000,1.0000,0.2727,0.0000
enkoping,flyttfirma,i_ort,mobil,3,3,0.0000,0.0000,1.0000,3,1.0000,0.0000,1.0000,0.2000,0.0000
enkoping,flyttfirma,i_ort,dator,3,3,0.0000,0.0000,1.0000,3,1.0000,0.0000,1.0000,0.3333,0.0000
enkoping,flyttfirma,basta,alla,6,6,0.0000,0.0000,1.0000,6,1.0000,0.0000,1.0000,0.4091,0.0000
enkoping,flyttfirma,basta,mobil,3,3,0.0000,0.0000,1.0000,3,1.0000,0.0000,1.0000,0.3636,0.0000
enkoping,flyttfirma,basta,dator,3,3,0.0000,0.0000,1.0000,3,1.0000,0.0000,1.0000,0.4545,0.0000
enkoping,flyttfirma,nara_mig,alla,6,4,0.3333,0.0000,1.0000,4,1.0000,0.0000,1.0000,0.1667,0.0000
enkoping,flyttfirma,nara_mig,mobil,3,2,0.3333,0.0000,1.0000,2,1.0000,0.0000,1.0000,0.3333,0.0000
enkoping,flyttfirma,nara_mig,dator,3,2,0.3333,0.0000,1.0000,2,1.0000,0.0000,1.0000,0.0000,0.0000
enkoping,flyttfirma,akut,alla,6,6,0.0000,0.0000,1.0000,6,1.0000,0.0000,1.0000,0.3333,0.0000
enkoping,flyttfirma,akut,mobil,3,3,0.0000,0.0000,1.0000,3,1.0000,0.0000,1.0000,0.4167,0.0000
enkoping,flyttfirma,akut,dator,3,3,0.0000,0.0000,1.0000,3,1.0000,0.0000,1.0000,0.2500,0.0000
enkoping,takläggare,alla,alla,30,26,0.1333,0.0000,1.0000,26,1.0000,0.0000,1.0000,0.5161,0.0000
enkoping,takläggare,alla,mobil,15,14,0.0667,0.0000,1.0000,14,1.0000,0.0000,1.0000,0.6863,0.0000
enkoping,takläggare,alla,dator,15,12,0.2000,0.0000,1.0000,12,1.0000,0.0000,1.0000,0.3095,0.0000
enkoping,takläggare,ort,alla,6,4,0.3333,0.0000,1.0000,4,1.0000,0.0000,1.0000,0.6923,0.0000
enkoping,takläggare,ort,mobil,3,3,0.0000,0.0000,1.0000,3,1.0000,0.0000,1.0000,0.7778,0.0000
enkoping,takläggare,ort,dator,3,1,0.6667,0.0000,1.0000,1,1.0000,0.0000,1.0000,0.5000,0.0000
enkoping,takläggare,i_ort,alla,6,6,0.0000,0.0000,1.0000,6,1.0000,0.0000,1.0000,0.5909,0.0000
enkoping,takläggare,i_ort,mobil,3,3,0.0000,0.0000,1.0000,3,1.0000,0.0000,1.0000,0.7500,0.0000
enkoping,takläggare,i_ort,dator,3,3,0.0000,0.0000,1.0000,3,1.0000,0.0000,1.0000,0.4000,0.0000
enkoping,takläggare,basta,alla,6,6,0.0000,0.0000,1.0000,6,1.0000,0.0000,1.0000,0.5652,0.0000
enkoping,takläggare,basta,mobil,3,3,0.0000,0.0000,1.0000,3,1.0000,0.0000,1.0000,0.7500,0.0000
enkoping,takläggare,basta,dator,3,3,0.0000,0.0000,1.0000,3,1.0000,0.0000,1.0000,0.3636,0.0000
enkoping,takläggare,nara_mig,alla,6,5,0.1667,0.0000,1.0000,5,1.0000,0.0000,1.0000,0.3529,0.0000
enkoping,takläggare,nara_mig,mobil,3,2,0.3333,0.0000,1.0000,2,1.0000,0.0000,1.0000,0.5000,0.0000
enkoping,takläggare,nara_mig,dator,3,3,0.0000,0.0000,1.0000,3,1.0000,0.0000,1.0000,0.2222,0.0000
enkoping,takläggare,akut,alla,6,5,0.1667,0.0000,1.0000,5,1.0000,0.0000,1.0000,0.3889,0.0000
enkoping,takläggare,akut,mobil,3,3,0.0000,0.0000,1.0000,3,1.0000,0.0000,1.0000,0.6000,0.0000
enkoping,takläggare,akut,dator,3,2,0.3333,0.0000,1.0000,2,1.0000,0.0000,1.0000,0.1250,0.0000
enkoping,plattsättare,alla,alla,30,20,0.3333,0.0000,0.9500,20,0.9667,0.0000,0.9500,0.0370,0.0185
enkoping,plattsättare,alla,mobil,15,14,0.0667,0.0000,0.9286,14,0.9333,0.0000,0.9286,0.0000,0.0263
enkoping,plattsättare,alla,dator,15,6,0.6000,0.0000,1.0000,6,1.0000,0.0000,1.0000,0.1250,0.0000
enkoping,plattsättare,ort,alla,6,4,0.3333,0.0000,1.0000,4,1.0000,0.0000,1.0000,0.1111,0.0000
enkoping,plattsättare,ort,mobil,3,3,0.0000,0.0000,1.0000,3,1.0000,0.0000,1.0000,0.0000,0.0000
enkoping,plattsättare,ort,dator,3,1,0.6667,0.0000,1.0000,1,1.0000,0.0000,1.0000,0.3333,0.0000
enkoping,plattsättare,i_ort,alla,6,6,0.0000,0.0000,1.0000,6,1.0000,0.0000,1.0000,0.0526,0.0000
enkoping,plattsättare,i_ort,mobil,3,3,0.0000,0.0000,1.0000,3,1.0000,0.0000,1.0000,0.0000,0.0000
enkoping,plattsättare,i_ort,dator,3,3,0.0000,0.0000,1.0000,3,1.0000,0.0000,1.0000,0.1111,0.0000
enkoping,plattsättare,basta,alla,6,3,0.5000,0.0000,1.0000,3,1.0000,0.0000,1.0000,0.0000,0.0000
enkoping,plattsättare,basta,mobil,3,2,0.3333,0.0000,1.0000,2,1.0000,0.0000,1.0000,0.0000,0.0000
enkoping,plattsättare,basta,dator,3,1,0.6667,0.0000,1.0000,1,1.0000,0.0000,1.0000,0.0000,0.0000
enkoping,plattsättare,nara_mig,alla,6,4,0.3333,0.0000,1.0000,4,1.0000,0.0000,1.0000,0.0000,0.0000
enkoping,plattsättare,nara_mig,mobil,3,3,0.0000,0.0000,1.0000,3,1.0000,0.0000,1.0000,0.0000,0.0000
enkoping,plattsättare,nara_mig,dator,3,1,0.6667,0.0000,1.0000,1,1.0000,0.0000,1.0000,0.0000,0.0000
enkoping,plattsättare,akut,alla,6,3,0.5000,0.0000,0.6667,3,0.8333,0.0000,0.6667,0.0000,0.1111
enkoping,plattsättare,akut,mobil,3,3,0.0000,0.0000,0.6667,3,0.6667,0.0000,0.6667,0.0000,0.1111
enkoping,plattsättare,akut,dator,3,0,1.0000,,,0,1.0000,,,,
enkoping,bilglas,alla,alla,30,25,0.1667,0.0000,1.0000,25,1.0000,1.0000,0.0000,0.0000,0.0000
enkoping,bilglas,alla,mobil,15,10,0.3333,0.0000,1.0000,10,1.0000,1.0000,0.0000,0.0000,0.0000
enkoping,bilglas,alla,dator,15,15,0.0000,0.0000,1.0000,15,1.0000,1.0000,0.0000,0.0000,0.0000
enkoping,bilglas,ort,alla,6,5,0.1667,0.0000,1.0000,5,1.0000,1.0000,0.0000,0.0000,0.0000
enkoping,bilglas,ort,mobil,3,2,0.3333,0.0000,1.0000,2,1.0000,1.0000,0.0000,0.0000,0.0000
enkoping,bilglas,ort,dator,3,3,0.0000,0.0000,1.0000,3,1.0000,1.0000,0.0000,0.0000,0.0000
enkoping,bilglas,i_ort,alla,6,6,0.0000,0.0000,1.0000,6,1.0000,1.0000,0.0000,0.0000,0.0000
enkoping,bilglas,i_ort,mobil,3,3,0.0000,0.0000,1.0000,3,1.0000,1.0000,0.0000,0.0000,0.0000
enkoping,bilglas,i_ort,dator,3,3,0.0000,0.0000,1.0000,3,1.0000,1.0000,0.0000,0.0000,0.0000
enkoping,bilglas,basta,alla,6,6,0.0000,0.0000,1.0000,6,1.0000,1.0000,0.0000,0.0000,0.0000
enkoping,bilglas,basta,mobil,3,3,0.0000,0.0000,1.0000,3,1.0000,1.0000,0.0000,0.0000,0.0000
enkoping,bilglas,basta,dator,3,3,0.0000,0.0000,1.0000,3,1.0000,1.0000,0.0000,0.0000,0.0000
enkoping,bilglas,nara_mig,alla,6,4,0.3333,0.0000,1.0000,4,1.0000,1.0000,0.0000,0.0000,0.0000
enkoping,bilglas,nara_mig,mobil,3,1,0.6667,0.0000,1.0000,1,1.0000,1.0000,0.0000,0.0000,0.0000
enkoping,bilglas,nara_mig,dator,3,3,0.0000,0.0000,1.0000,3,1.0000,1.0000,0.0000,0.0000,0.0000
enkoping,bilglas,akut,alla,6,4,0.3333,0.0000,1.0000,4,1.0000,1.0000,0.0000,0.0000,0.0000
enkoping,bilglas,akut,mobil,3,1,0.6667,0.0000,1.0000,1,1.0000,1.0000,0.0000,0.0000,0.0000
enkoping,bilglas,akut,dator,3,3,0.0000,0.0000,1.0000,3,1.0000,1.0000,0.0000,0.0000,0.0000
enkoping,däckbyte,alla,alla,30,21,0.3000,0.0000,1.0000,21,1.0000,0.8095,0.0952,0.2955,0.0000
enkoping,däckbyte,alla,mobil,15,10,0.3333,0.0000,1.0000,10,1.0000,0.8000,0.2000,0.4783,0.0000
enkoping,däckbyte,alla,dator,15,11,0.2667,0.0000,1.0000,11,1.0000,0.8182,0.0000,0.0952,0.0000
enkoping,däckbyte,ort,alla,6,6,0.0000,0.0000,1.0000,6,1.0000,1.0000,0.0000,0.2222,0.0000
enkoping,däckbyte,ort,mobil,3,3,0.0000,0.0000,1.0000,3,1.0000,1.0000,0.0000,0.4000,0.0000
enkoping,däckbyte,ort,dator,3,3,0.0000,0.0000,1.0000,3,1.0000,1.0000,0.0000,0.0000,0.0000
enkoping,däckbyte,i_ort,alla,6,6,0.0000,0.0000,1.0000,6,1.0000,1.0000,0.0000,0.3125,0.0000
enkoping,däckbyte,i_ort,mobil,3,3,0.0000,0.0000,1.0000,3,1.0000,1.0000,0.0000,0.4286,0.0000
enkoping,däckbyte,i_ort,dator,3,3,0.0000,0.0000,1.0000,3,1.0000,1.0000,0.0000,0.2222,0.0000
enkoping,däckbyte,basta,alla,6,5,0.1667,0.0000,1.0000,5,1.0000,1.0000,0.0000,0.3333,0.0000
enkoping,däckbyte,basta,mobil,3,2,0.3333,0.0000,1.0000,2,1.0000,1.0000,0.0000,0.5000,0.0000
enkoping,däckbyte,basta,dator,3,3,0.0000,0.0000,1.0000,3,1.0000,1.0000,0.0000,0.0000,0.0000
enkoping,däckbyte,nara_mig,alla,6,2,0.6667,0.0000,1.0000,2,1.0000,0.0000,0.0000,0.0000,0.0000
enkoping,däckbyte,nara_mig,mobil,3,0,1.0000,,,0,1.0000,,,,
enkoping,däckbyte,nara_mig,dator,3,2,0.3333,0.0000,1.0000,2,1.0000,0.0000,0.0000,0.0000,0.0000
enkoping,däckbyte,akut,alla,6,2,0.6667,0.0000,1.0000,2,1.0000,0.0000,1.0000,0.6000,0.0000
enkoping,däckbyte,akut,mobil,3,2,0.3333,0.0000,1.0000,2,1.0000,0.0000,1.0000,0.6000,0.0000
enkoping,däckbyte,akut,dator,3,0,1.0000,,,0,1.0000,,,,
enkoping,begravningsbyrå,alla,alla,30,27,0.1000,0.0000,0.9630,27,0.9667,0.7037,0.0370,0.3636,0.0000
enkoping,begravningsbyrå,alla,mobil,15,14,0.0667,0.0000,0.9286,14,0.9333,0.7143,0.0714,0.3462,0.0000
enkoping,begravningsbyrå,alla,dator,15,13,0.1333,0.0000,1.0000,13,1.0000,0.6923,0.0000,0.3793,0.0000
enkoping,begravningsbyrå,ort,alla,6,6,0.0000,0.0000,1.0000,6,1.0000,0.6667,0.0000,0.4615,0.0000
enkoping,begravningsbyrå,ort,mobil,3,3,0.0000,0.0000,1.0000,3,1.0000,0.6667,0.0000,0.4286,0.0000
enkoping,begravningsbyrå,ort,dator,3,3,0.0000,0.0000,1.0000,3,1.0000,0.6667,0.0000,0.5000,0.0000
enkoping,begravningsbyrå,i_ort,alla,6,6,0.0000,0.0000,1.0000,6,1.0000,1.0000,0.0000,0.3077,0.0000
enkoping,begravningsbyrå,i_ort,mobil,3,3,0.0000,0.0000,1.0000,3,1.0000,1.0000,0.0000,0.2857,0.0000
enkoping,begravningsbyrå,i_ort,dator,3,3,0.0000,0.0000,1.0000,3,1.0000,1.0000,0.0000,0.3333,0.0000
enkoping,begravningsbyrå,basta,alla,6,6,0.0000,0.0000,1.0000,6,1.0000,1.0000,0.0000,0.2500,0.0000
enkoping,begravningsbyrå,basta,mobil,3,3,0.0000,0.0000,1.0000,3,1.0000,1.0000,0.0000,0.2500,0.0000
enkoping,begravningsbyrå,basta,dator,3,3,0.0000,0.0000,1.0000,3,1.0000,1.0000,0.0000,0.2500,0.0000
enkoping,begravningsbyrå,nara_mig,alla,6,3,0.5000,0.0000,1.0000,3,1.0000,1.0000,0.0000,0.2500,0.0000
enkoping,begravningsbyrå,nara_mig,mobil,3,2,0.3333,0.0000,1.0000,2,1.0000,1.0000,0.0000,0.0000,0.0000
enkoping,begravningsbyrå,nara_mig,dator,3,1,0.6667,0.0000,1.0000,1,1.0000,1.0000,0.0000,0.5000,0.0000
enkoping,begravningsbyrå,akut,alla,6,6,0.0000,0.0000,0.8333,6,0.8333,0.0000,0.1667,0.4615,0.0000
enkoping,begravningsbyrå,akut,mobil,3,3,0.0000,0.0000,0.6667,3,0.6667,0.0000,0.3333,0.5000,0.0000
enkoping,begravningsbyrå,akut,dator,3,3,0.0000,0.0000,1.0000,3,1.0000,0.0000,0.0000,0.4286,0.0000
enkoping,advokat,alla,alla,30,22,0.2667,0.0000,1.0000,22,1.0000,0.1364,0.4545,0.0161,0.0161
enkoping,advokat,alla,mobil,15,14,0.0667,0.0000,1.0000,14,1.0000,0.0714,0.2857,0.0222,0.0222
enkoping,advokat,alla,dator,15,8,0.4667,0.0000,1.0000,8,1.0000,0.2500,0.7500,0.0000,0.0000
enkoping,advokat,ort,alla,6,3,0.5000,0.0000,1.0000,3,1.0000,0.0000,0.0000,0.0000,0.0000
enkoping,advokat,ort,mobil,3,3,0.0000,0.0000,1.0000,3,1.0000,0.0000,0.0000,0.0000,0.0000
enkoping,advokat,ort,dator,3,0,1.0000,,,0,1.0000,,,,
enkoping,advokat,i_ort,alla,6,5,0.1667,0.0000,1.0000,5,1.0000,0.4000,0.0000,0.0000,0.0000
enkoping,advokat,i_ort,mobil,3,3,0.0000,0.0000,1.0000,3,1.0000,0.0000,0.0000,0.0000,0.0000
enkoping,advokat,i_ort,dator,3,2,0.3333,0.0000,1.0000,2,1.0000,1.0000,0.0000,0.0000,0.0000
enkoping,advokat,basta,alla,6,3,0.5000,0.0000,1.0000,3,1.0000,0.0000,0.6667,0.0000,0.0000
enkoping,advokat,basta,mobil,3,2,0.3333,0.0000,1.0000,2,1.0000,0.0000,0.5000,0.0000,0.0000
enkoping,advokat,basta,dator,3,1,0.6667,0.0000,1.0000,1,1.0000,0.0000,1.0000,0.0000,0.0000
enkoping,advokat,nara_mig,alla,6,6,0.0000,0.0000,1.0000,6,1.0000,0.0000,0.8333,0.0000,0.0000
enkoping,advokat,nara_mig,mobil,3,3,0.0000,0.0000,1.0000,3,1.0000,0.0000,0.6667,0.0000,0.0000
enkoping,advokat,nara_mig,dator,3,3,0.0000,0.0000,1.0000,3,1.0000,0.0000,1.0000,0.0000,0.0000
enkoping,advokat,akut,alla,6,5,0.1667,0.0000,1.0000,5,1.0000,0.2000,0.6000,0.0714,0.0714
enkoping,advokat,akut,mobil,3,3,0.0000,0.0000,1.0000,3,1.0000,0.3333,0.3333,0.1111,0.1111
enkoping,advokat,akut,dator,3,2,0.3333,0.0000,1.0000,2,1.0000,0.0000,1.0000,0.0000,0.0000
enkoping,jurist,alla,alla,30,28,0.0667,0.0000,1.0000,28,1.0000,0.5000,0.1786,0.0106,0.0000
enkoping,jurist,alla,mobil,15,15,0.0000,0.0000,1.0000,15,1.0000,0.4000,0.0667,0.0000,0.0000
enkoping,jurist,alla,dator,15,13,0.1333,0.0000,1.0000,13,1.0000,0.6154,0.3077,0.0233,0.0000
enkoping,jurist,ort,alla,6,6,0.0000,0.0000,1.0000,6,1.0000,0.8333,0.0000,0.0000,0.0000
enkoping,jurist,ort,mobil,3,3,0.0000,0.0000,1.0000,3,1.0000,0.6667,0.0000,0.0000,0.0000
enkoping,jurist,ort,dator,3,3,0.0000,0.0000,1.0000,3,1.0000,1.0000,0.0000,0.0000,0.0000
enkoping,jurist,i_ort,alla,6,6,0.0000,0.0000,1.0000,6,1.0000,1.0000,0.0000,0.0000,0.0000
enkoping,jurist,i_ort,mobil,3,3,0.0000,0.0000,1.0000,3,1.0000,1.0000,0.0000,0.0000,0.0000
enkoping,jurist,i_ort,dator,3,3,0.0000,0.0000,1.0000,3,1.0000,1.0000,0.0000,0.0000,0.0000
enkoping,jurist,basta,alla,6,5,0.1667,0.0000,1.0000,5,1.0000,0.6000,0.0000,0.0000,0.0000
enkoping,jurist,basta,mobil,3,3,0.0000,0.0000,1.0000,3,1.0000,0.3333,0.0000,0.0000,0.0000
enkoping,jurist,basta,dator,3,2,0.3333,0.0000,1.0000,2,1.0000,1.0000,0.0000,0.0000,0.0000
enkoping,jurist,nara_mig,alla,6,6,0.0000,0.0000,1.0000,6,1.0000,0.0000,0.6667,0.0556,0.0000
enkoping,jurist,nara_mig,mobil,3,3,0.0000,0.0000,1.0000,3,1.0000,0.0000,0.3333,0.0000,0.0000
enkoping,jurist,nara_mig,dator,3,3,0.0000,0.0000,1.0000,3,1.0000,0.0000,1.0000,0.1111,0.0000
enkoping,jurist,akut,alla,6,5,0.1667,0.0000,1.0000,5,1.0000,0.0000,0.2000,0.0000,0.0000
enkoping,jurist,akut,mobil,3,3,0.0000,0.0000,1.0000,3,1.0000,0.0000,0.0000,0.0000,0.0000
enkoping,jurist,akut,dator,3,2,0.3333,0.0000,1.0000,2,1.0000,0.0000,0.5000,0.0000,0.0000
enkoping,revisor,alla,alla,30,28,0.0667,0.0000,1.0000,28,1.0000,0.9286,0.0357,0.3636,0.0000
enkoping,revisor,alla,mobil,15,14,0.0667,0.0000,1.0000,14,1.0000,0.9286,0.0000,0.3684,0.0000
enkoping,revisor,alla,dator,15,14,0.0667,0.0000,1.0000,14,1.0000,0.9286,0.0714,0.3590,0.0000
enkoping,revisor,ort,alla,6,6,0.0000,0.0000,1.0000,6,1.0000,1.0000,0.0000,0.3750,0.0000
enkoping,revisor,ort,mobil,3,3,0.0000,0.0000,1.0000,3,1.0000,1.0000,0.0000,0.3750,0.0000
enkoping,revisor,ort,dator,3,3,0.0000,0.0000,1.0000,3,1.0000,1.0000,0.0000,0.3750,0.0000
enkoping,revisor,i_ort,alla,6,6,0.0000,0.0000,1.0000,6,1.0000,0.8333,0.0000,0.3529,0.0000
enkoping,revisor,i_ort,mobil,3,3,0.0000,0.0000,1.0000,3,1.0000,0.6667,0.0000,0.3333,0.0000
enkoping,revisor,i_ort,dator,3,3,0.0000,0.0000,1.0000,3,1.0000,1.0000,0.0000,0.3750,0.0000
enkoping,revisor,basta,alla,6,6,0.0000,0.0000,1.0000,6,1.0000,1.0000,0.0000,0.4615,0.0000
enkoping,revisor,basta,mobil,3,3,0.0000,0.0000,1.0000,3,1.0000,1.0000,0.0000,0.5000,0.0000
enkoping,revisor,basta,dator,3,3,0.0000,0.0000,1.0000,3,1.0000,1.0000,0.0000,0.4286,0.0000
enkoping,revisor,nara_mig,alla,6,4,0.3333,0.0000,1.0000,4,1.0000,1.0000,0.0000,0.2857,0.0000
enkoping,revisor,nara_mig,mobil,3,2,0.3333,0.0000,1.0000,2,1.0000,1.0000,0.0000,0.2857,0.0000
enkoping,revisor,nara_mig,dator,3,2,0.3333,0.0000,1.0000,2,1.0000,1.0000,0.0000,0.2857,0.0000
enkoping,revisor,akut,alla,6,6,0.0000,0.0000,1.0000,6,1.0000,0.8333,0.1667,0.3529,0.0000
enkoping,revisor,akut,mobil,3,3,0.0000,0.0000,1.0000,3,1.0000,1.0000,0.0000,0.3750,0.0000
enkoping,revisor,akut,dator,3,3,0.0000,0.0000,1.0000,3,1.0000,0.6667,0.3333,0.3333,0.0000
enkoping,bokföring,alla,alla,30,29,0.0333,0.0000,1.0000,29,1.0000,0.9655,0.0000,0.2976,0.0000
enkoping,bokföring,alla,mobil,15,15,0.0000,0.0000,1.0000,15,1.0000,0.9333,0.0000,0.3023,0.0000
enkoping,bokföring,alla,dator,15,14,0.0667,0.0000,1.0000,14,1.0000,1.0000,0.0000,0.2927,0.0000
enkoping,bokföring,ort,alla,6,6,0.0000,0.0000,1.0000,6,1.0000,1.0000,0.0000,0.3333,0.0000
enkoping,bokföring,ort,mobil,3,3,0.0000,0.0000,1.0000,3,1.0000,1.0000,0.0000,0.3750,0.0000
enkoping,bokföring,ort,dator,3,3,0.0000,0.0000,1.0000,3,1.0000,1.0000,0.0000,0.3000,0.0000
enkoping,bokföring,i_ort,alla,6,6,0.0000,0.0000,1.0000,6,1.0000,1.0000,0.0000,0.3158,0.0000
enkoping,bokföring,i_ort,mobil,3,3,0.0000,0.0000,1.0000,3,1.0000,1.0000,0.0000,0.3000,0.0000
enkoping,bokföring,i_ort,dator,3,3,0.0000,0.0000,1.0000,3,1.0000,1.0000,0.0000,0.3333,0.0000
enkoping,bokföring,basta,alla,6,6,0.0000,0.0000,1.0000,6,1.0000,1.0000,0.0000,0.3333,0.0000
enkoping,bokföring,basta,mobil,3,3,0.0000,0.0000,1.0000,3,1.0000,1.0000,0.0000,0.3333,0.0000
enkoping,bokföring,basta,dator,3,3,0.0000,0.0000,1.0000,3,1.0000,1.0000,0.0000,0.3333,0.0000
enkoping,bokföring,nara_mig,alla,6,5,0.1667,0.0000,1.0000,5,1.0000,0.8000,0.0000,0.2857,0.0000
enkoping,bokföring,nara_mig,mobil,3,3,0.0000,0.0000,1.0000,3,1.0000,0.6667,0.0000,0.2500,0.0000
enkoping,bokföring,nara_mig,dator,3,2,0.3333,0.0000,1.0000,2,1.0000,1.0000,0.0000,0.3333,0.0000
enkoping,bokföring,akut,alla,6,6,0.0000,0.0000,1.0000,6,1.0000,1.0000,0.0000,0.2000,0.0000
enkoping,bokföring,akut,mobil,3,3,0.0000,0.0000,1.0000,3,1.0000,1.0000,0.0000,0.2500,0.0000
enkoping,bokföring,akut,dator,3,3,0.0000,0.0000,1.0000,3,1.0000,1.0000,0.0000,0.1429,0.0000
enkoping,optiker,alla,alla,30,23,0.2333,0.0000,1.0000,23,1.0000,1.0000,0.0000,0.0172,0.0000
enkoping,optiker,alla,mobil,15,13,0.1333,0.0000,1.0000,13,1.0000,1.0000,0.0000,0.0385,0.0000
enkoping,optiker,alla,dator,15,10,0.3333,0.0000,1.0000,10,1.0000,1.0000,0.0000,0.0000,0.0000
enkoping,optiker,ort,alla,6,6,0.0000,0.0000,1.0000,6,1.0000,1.0000,0.0000,0.0556,0.0000
enkoping,optiker,ort,mobil,3,3,0.0000,0.0000,1.0000,3,1.0000,1.0000,0.0000,0.1250,0.0000
enkoping,optiker,ort,dator,3,3,0.0000,0.0000,1.0000,3,1.0000,1.0000,0.0000,0.0000,0.0000
enkoping,optiker,i_ort,alla,6,6,0.0000,0.0000,1.0000,6,1.0000,1.0000,0.0000,0.0000,0.0000
enkoping,optiker,i_ort,mobil,3,3,0.0000,0.0000,1.0000,3,1.0000,1.0000,0.0000,0.0000,0.0000
enkoping,optiker,i_ort,dator,3,3,0.0000,0.0000,1.0000,3,1.0000,1.0000,0.0000,0.0000,0.0000
enkoping,optiker,basta,alla,6,6,0.0000,0.0000,1.0000,6,1.0000,1.0000,0.0000,0.0000,0.0000
enkoping,optiker,basta,mobil,3,3,0.0000,0.0000,1.0000,3,1.0000,1.0000,0.0000,0.0000,0.0000
enkoping,optiker,basta,dator,3,3,0.0000,0.0000,1.0000,3,1.0000,1.0000,0.0000,0.0000,0.0000
enkoping,optiker,nara_mig,alla,6,1,0.8333,0.0000,1.0000,1,1.0000,1.0000,0.0000,0.0000,0.0000
enkoping,optiker,nara_mig,mobil,3,1,0.6667,0.0000,1.0000,1,1.0000,1.0000,0.0000,0.0000,0.0000
enkoping,optiker,nara_mig,dator,3,0,1.0000,,,0,1.0000,,,,
enkoping,optiker,akut,alla,6,4,0.3333,0.0000,1.0000,4,1.0000,1.0000,0.0000,0.0000,0.0000
enkoping,optiker,akut,mobil,3,3,0.0000,0.0000,1.0000,3,1.0000,1.0000,0.0000,0.0000,0.0000
enkoping,optiker,akut,dator,3,1,0.6667,0.0000,1.0000,1,1.0000,1.0000,0.0000,0.0000,0.0000
enkoping,veterinär,alla,alla,30,11,0.6333,0.6364,0.3636,11,0.7667,0.6364,0.3636,0.0000,0.0000
enkoping,veterinär,alla,mobil,15,8,0.4667,0.5000,0.5000,8,0.7333,0.5000,0.5000,0.0000,0.0000
enkoping,veterinär,alla,dator,15,3,0.8000,1.0000,0.0000,3,0.8000,1.0000,0.0000,0.0000,0.0000
enkoping,veterinär,ort,alla,6,3,0.5000,1.0000,0.0000,3,0.5000,1.0000,0.0000,0.0000,0.0000
enkoping,veterinär,ort,mobil,3,2,0.3333,1.0000,0.0000,2,0.3333,1.0000,0.0000,0.0000,0.0000
enkoping,veterinär,ort,dator,3,1,0.6667,1.0000,0.0000,1,0.6667,1.0000,0.0000,0.0000,0.0000
enkoping,veterinär,i_ort,alla,6,3,0.5000,1.0000,0.0000,3,0.5000,1.0000,0.0000,0.0000,0.0000
enkoping,veterinär,i_ort,mobil,3,1,0.6667,1.0000,0.0000,1,0.6667,1.0000,0.0000,0.0000,0.0000
enkoping,veterinär,i_ort,dator,3,2,0.3333,1.0000,0.0000,2,0.3333,1.0000,0.0000,0.0000,0.0000
enkoping,veterinär,basta,alla,6,0,1.0000,,,0,1.0000,,,,
enkoping,veterinär,basta,mobil,3,0,1.0000,,,0,1.0000,,,,
enkoping,veterinär,basta,dator,3,0,1.0000,,,0,1.0000,,,,
enkoping,veterinär,nara_mig,alla,6,2,0.6667,0.0000,1.0000,2,1.0000,0.0000,1.0000,0.0000,0.0000
enkoping,veterinär,nara_mig,mobil,3,2,0.3333,0.0000,1.0000,2,1.0000,0.0000,1.0000,0.0000,0.0000
enkoping,veterinär,nara_mig,dator,3,0,1.0000,,,0,1.0000,,,,
enkoping,veterinär,akut,alla,6,3,0.5000,0.3333,0.6667,3,0.8333,0.3333,0.6667,0.0000,0.0000
enkoping,veterinär,akut,mobil,3,3,0.0000,0.3333,0.6667,3,0.6667,0.3333,0.6667,0.0000,0.0000
enkoping,veterinär,akut,dator,3,0,1.0000,,,0,1.0000,,,,
enkoping,massage,alla,alla,30,5,0.8333,0.0000,,0,,1.0000,,0.0000,0.0000
enkoping,massage,alla,mobil,15,2,0.8667,0.0000,,0,,1.0000,,0.0000,0.0000
enkoping,massage,alla,dator,15,3,0.8000,0.0000,,0,,1.0000,,0.0000,0.0000
enkoping,massage,ort,alla,6,0,1.0000,,,0,,,,,
enkoping,massage,ort,mobil,3,0,1.0000,,,0,,,,,
enkoping,massage,ort,dator,3,0,1.0000,,,0,,,,,
enkoping,massage,i_ort,alla,6,0,1.0000,,,0,,,,,
enkoping,massage,i_ort,mobil,3,0,1.0000,,,0,,,,,
enkoping,massage,i_ort,dator,3,0,1.0000,,,0,,,,,
enkoping,massage,basta,alla,6,0,1.0000,,,0,,,,,
enkoping,massage,basta,mobil,3,0,1.0000,,,0,,,,,
enkoping,massage,basta,dator,3,0,1.0000,,,0,,,,,
enkoping,massage,nara_mig,alla,6,0,1.0000,,,0,,,,,
enkoping,massage,nara_mig,mobil,3,0,1.0000,,,0,,,,,
enkoping,massage,nara_mig,dator,3,0,1.0000,,,0,,,,,
enkoping,massage,akut,alla,6,5,0.1667,0.0000,,0,,1.0000,,0.0000,0.0000
enkoping,massage,akut,mobil,3,2,0.3333,0.0000,,0,,1.0000,,0.0000,0.0000
enkoping,massage,akut,dator,3,3,0.0000,0.0000,,0,,1.0000,,0.0000,0.0000
enkoping,naprapat,alla,alla,30,29,0.0333,0.0000,,0,,0.9655,,0.0000,0.0588
enkoping,naprapat,alla,mobil,15,15,0.0000,0.0000,,0,,0.9333,,0.0000,0.0968
enkoping,naprapat,alla,dator,15,14,0.0667,0.0000,,0,,1.0000,,0.0000,0.0000
enkoping,naprapat,ort,alla,6,6,0.0000,0.0000,,0,,1.0000,,0.0000,0.0000
enkoping,naprapat,ort,mobil,3,3,0.0000,0.0000,,0,,1.0000,,0.0000,0.0000
enkoping,naprapat,ort,dator,3,3,0.0000,0.0000,,0,,1.0000,,0.0000,0.0000
enkoping,naprapat,i_ort,alla,6,6,0.0000,0.0000,,0,,1.0000,,0.0000,0.0000
enkoping,naprapat,i_ort,mobil,3,3,0.0000,0.0000,,0,,1.0000,,0.0000,0.0000
enkoping,naprapat,i_ort,dator,3,3,0.0000,0.0000,,0,,1.0000,,0.0000,0.0000
enkoping,naprapat,basta,alla,6,6,0.0000,0.0000,,0,,1.0000,,0.0000,0.0000
enkoping,naprapat,basta,mobil,3,3,0.0000,0.0000,,0,,1.0000,,0.0000,0.0000
enkoping,naprapat,basta,dator,3,3,0.0000,0.0000,,0,,1.0000,,0.0000,0.0000
enkoping,naprapat,nara_mig,alla,6,5,0.1667,0.0000,,0,,0.8000,,0.0000,0.0909
enkoping,naprapat,nara_mig,mobil,3,3,0.0000,0.0000,,0,,0.6667,,0.0000,0.2000
enkoping,naprapat,nara_mig,dator,3,2,0.3333,0.0000,,0,,1.0000,,0.0000,0.0000
enkoping,naprapat,akut,alla,6,6,0.0000,0.0000,,0,,1.0000,,0.0000,0.1667
enkoping,naprapat,akut,mobil,3,3,0.0000,0.0000,,0,,1.0000,,0.0000,0.2500
enkoping,naprapat,akut,dator,3,3,0.0000,0.0000,,0,,1.0000,,0.0000,0.0000
enkoping,fotvård,alla,alla,30,0,1.0000,,,0,1.0000,,,,
enkoping,fotvård,alla,mobil,15,0,1.0000,,,0,1.0000,,,,
enkoping,fotvård,alla,dator,15,0,1.0000,,,0,1.0000,,,,
enkoping,fotvård,ort,alla,6,0,1.0000,,,0,1.0000,,,,
enkoping,fotvård,ort,mobil,3,0,1.0000,,,0,1.0000,,,,
enkoping,fotvård,ort,dator,3,0,1.0000,,,0,1.0000,,,,
enkoping,fotvård,i_ort,alla,6,0,1.0000,,,0,1.0000,,,,
enkoping,fotvård,i_ort,mobil,3,0,1.0000,,,0,1.0000,,,,
enkoping,fotvård,i_ort,dator,3,0,1.0000,,,0,1.0000,,,,
enkoping,fotvård,basta,alla,6,0,1.0000,,,0,1.0000,,,,
enkoping,fotvård,basta,mobil,3,0,1.0000,,,0,1.0000,,,,
enkoping,fotvård,basta,dator,3,0,1.0000,,,0,1.0000,,,,
enkoping,fotvård,nara_mig,alla,6,0,1.0000,,,0,1.0000,,,,
enkoping,fotvård,nara_mig,mobil,3,0,1.0000,,,0,1.0000,,,,
enkoping,fotvård,nara_mig,dator,3,0,1.0000,,,0,1.0000,,,,
enkoping,fotvård,akut,alla,6,0,1.0000,,,0,1.0000,,,,
enkoping,fotvård,akut,mobil,3,0,1.0000,,,0,1.0000,,,,
enkoping,fotvård,akut,dator,3,0,1.0000,,,0,1.0000,,,,
enkoping,skyltar,alla,alla,30,13,0.5667,0.0000,,0,,0.0000,,0.0000,0.0000
enkoping,skyltar,alla,mobil,15,7,0.5333,0.0000,,0,,0.0000,,0.0000,0.0000
enkoping,skyltar,alla,dator,15,6,0.6000,0.0000,,0,,0.0000,,0.0000,0.0000
enkoping,skyltar,ort,alla,6,5,0.1667,0.0000,,0,,0.0000,,0.0000,0.0000
enkoping,skyltar,ort,mobil,3,2,0.3333,0.0000,,0,,0.0000,,0.0000,0.0000
enkoping,skyltar,ort,dator,3,3,0.0000,0.0000,,0,,0.0000,,0.0000,0.0000
enkoping,skyltar,i_ort,alla,6,2,0.6667,0.0000,,0,,0.0000,,0.0000,0.0000
enkoping,skyltar,i_ort,mobil,3,1,0.6667,0.0000,,0,,0.0000,,0.0000,0.0000
enkoping,skyltar,i_ort,dator,3,1,0.6667,0.0000,,0,,0.0000,,0.0000,0.0000
enkoping,skyltar,basta,alla,6,1,0.8333,0.0000,,0,,0.0000,,0.0000,0.0000
enkoping,skyltar,basta,mobil,3,1,0.6667,0.0000,,0,,0.0000,,0.0000,0.0000
enkoping,skyltar,basta,dator,3,0,1.0000,,,0,,,,,
enkoping,skyltar,nara_mig,alla,6,2,0.6667,0.0000,,0,,0.0000,,0.0000,0.0000
enkoping,skyltar,nara_mig,mobil,3,1,0.6667,0.0000,,0,,0.0000,,0.0000,0.0000
enkoping,skyltar,nara_mig,dator,3,1,0.6667,0.0000,,0,,0.0000,,0.0000,0.0000
enkoping,skyltar,akut,alla,6,3,0.5000,0.0000,,0,,0.0000,,0.0000,0.0000
enkoping,skyltar,akut,mobil,3,2,0.3333,0.0000,,0,,0.0000,,0.0000,0.0000
enkoping,skyltar,akut,dator,3,1,0.6667,0.0000,,0,,0.0000,,0.0000,0.0000
enkoping,hemstädning,alla,alla,30,29,0.0333,0.0000,1.0000,29,1.0000,0.9655,0.0000,0.1852,0.0000
enkoping,hemstädning,alla,mobil,15,15,0.0000,0.0000,1.0000,15,1.0000,1.0000,0.0000,0.1818,0.0000
enkoping,hemstädning,alla,dator,15,14,0.0667,0.0000,1.0000,14,1.0000,0.9286,0.0000,0.1892,0.0000
enkoping,hemstädning,ort,alla,6,6,0.0000,0.0000,1.0000,6,1.0000,1.0000,0.0000,0.3750,0.0000
enkoping,hemstädning,ort,mobil,3,3,0.0000,0.0000,1.0000,3,1.0000,1.0000,0.0000,0.3750,0.0000
enkoping,hemstädning,ort,dator,3,3,0.0000,0.0000,1.0000,3,1.0000,1.0000,0.0000,0.3750,0.0000
enkoping,hemstädning,i_ort,alla,6,6,0.0000,0.0000,1.0000,6,1.0000,0.8333,0.0000,0.0588,0.0000
enkoping,hemstädning,i_ort,mobil,3,3,0.0000,0.0000,1.0000,3,1.0000,1.0000,0.0000,0.0000,0.0000
enkoping,hemstädning,i_ort,dator,3,3,0.0000,0.0000,1.0000,3,1.0000,0.6667,0.0000,0.1250,0.0000
enkoping,hemstädning,basta,alla,6,6,0.0000,0.0000,1.0000,6,1.0000,1.0000,0.0000,0.1250,0.0000
enkoping,hemstädning,basta,mobil,3,3,0.0000,0.0000,1.0000,3,1.0000,1.0000,0.0000,0.2222,0.0000
enkoping,hemstädning,basta,dator,3,3,0.0000,0.0000,1.0000,3,1.0000,1.0000,0.0000,0.0000,0.0000
enkoping,hemstädning,nara_mig,alla,6,6,0.0000,0.0000,1.0000,6,1.0000,1.0000,0.0000,0.3333,0.0000
enkoping,hemstädning,nara_mig,mobil,3,3,0.0000,0.0000,1.0000,3,1.0000,1.0000,0.0000,0.3333,0.0000
enkoping,hemstädning,nara_mig,dator,3,3,0.0000,0.0000,1.0000,3,1.0000,1.0000,0.0000,0.3333,0.0000
enkoping,hemstädning,akut,alla,6,5,0.1667,0.0000,1.0000,5,1.0000,1.0000,0.0000,0.0000,0.0000
enkoping,hemstädning,akut,mobil,3,3,0.0000,0.0000,1.0000,3,1.0000,1.0000,0.0000,0.0000,0.0000
enkoping,hemstädning,akut,dator,3,2,0.3333,0.0000,1.0000,2,1.0000,1.0000,0.0000,0.0000,0.0000
enkoping,fönsterputs,alla,alla,30,29,0.0333,0.0000,0.7586,29,0.7667,0.9655,0.0000,0.3023,0.0000
enkoping,fönsterputs,alla,mobil,15,14,0.0667,0.0000,0.5000,14,0.5333,1.0000,0.0000,0.3333,0.0000
enkoping,fönsterputs,alla,dator,15,15,0.0000,0.0000,1.0000,15,1.0000,0.9333,0.0000,0.2683,0.0000
enkoping,fönsterputs,ort,alla,6,6,0.0000,0.0000,0.8333,6,0.8333,1.0000,0.0000,0.2222,0.0000
enkoping,fönsterputs,ort,mobil,3,3,0.0000,0.0000,0.6667,3,0.6667,1.0000,0.0000,0.3000,0.0000
enkoping,fönsterputs,ort,dator,3,3,0.0000,0.0000,1.0000,3,1.0000,1.0000,0.0000,0.1250,0.0000
enkoping,fönsterputs,i_ort,alla,6,6,0.0000,0.0000,0.6667,6,0.6667,1.0000,0.0000,0.3889,0.0000
enkoping,fönsterputs,i_ort,mobil,3,3,0.0000,0.0000,0.3333,3,0.3333,1.0000,0.0000,0.2222,0.0000
enkoping,fönsterputs,i_ort,dator,3,3,0.0000,0.0000,1.0000,3,1.0000,1.0000,0.0000,0.5556,0.0000
enkoping,fönsterputs,basta,alla,6,6,0.0000,0.0000,0.8333,6,0.8333,1.0000,0.0000,0.3810,0.0000
enkoping,fönsterputs,basta,mobil,3,3,0.0000,0.0000,0.6667,3,0.6667,1.0000,0.0000,0.4167,0.0000
enkoping,fönsterputs,basta,dator,3,3,0.0000,0.0000,1.0000,3,1.0000,1.0000,0.0000,0.3333,0.0000
enkoping,fönsterputs,nara_mig,alla,6,5,0.1667,0.0000,0.8000,5,0.8333,0.8000,0.0000,0.2500,0.0000
enkoping,fönsterputs,nara_mig,mobil,3,2,0.3333,0.0000,0.5000,2,0.6667,1.0000,0.0000,0.2500,0.0000
enkoping,fönsterputs,nara_mig,dator,3,3,0.0000,0.0000,1.0000,3,1.0000,0.6667,0.0000,0.2500,0.0000
enkoping,fönsterputs,akut,alla,6,6,0.0000,0.0000,0.6667,6,0.6667,1.0000,0.0000,0.2353,0.0000
enkoping,fönsterputs,akut,mobil,3,3,0.0000,0.0000,0.3333,3,0.3333,1.0000,0.0000,0.4000,0.0000
enkoping,fönsterputs,akut,dator,3,3,0.0000,0.0000,1.0000,3,1.0000,1.0000,0.0000,0.0000,0.0000
enkoping,trädfällning,alla,alla,30,27,0.1000,0.0000,1.0000,27,1.0000,0.0000,0.9630,0.5000,0.0000
enkoping,trädfällning,alla,mobil,15,14,0.0667,0.0000,1.0000,14,1.0000,0.0000,0.9286,0.4902,0.0000
enkoping,trädfällning,alla,dator,15,13,0.1333,0.0000,1.0000,13,1.0000,0.0000,1.0000,0.5116,0.0000
enkoping,trädfällning,ort,alla,6,6,0.0000,0.0000,1.0000,6,1.0000,0.0000,1.0000,0.5714,0.0000
enkoping,trädfällning,ort,mobil,3,3,0.0000,0.0000,1.0000,3,1.0000,0.0000,1.0000,0.5455,0.0000
enkoping,trädfällning,ort,dator,3,3,0.0000,0.0000,1.0000,3,1.0000,0.0000,1.0000,0.6000,0.0000
enkoping,trädfällning,i_ort,alla,6,5,0.1667,0.0000,1.0000,5,1.0000,0.0000,1.0000,0.5000,0.0000
enkoping,trädfällning,i_ort,mobil,3,3,0.0000,0.0000,1.0000,3,1.0000,0.0000,1.0000,0.5000,0.0000
enkoping,trädfällning,i_ort,dator,3,2,0.3333,0.0000,1.0000,2,1.0000,0.0000,1.0000,0.5000,0.0000
enkoping,trädfällning,basta,alla,6,6,0.0000,0.0000,1.0000,6,1.0000,0.0000,1.0000,0.6667,0.0000
enkoping,trädfällning,basta,mobil,3,3,0.0000,0.0000,1.0000,3,1.0000,0.0000,1.0000,0.6000,0.0000
enkoping,trädfällning,basta,dator,3,3,0.0000,0.0000,1.0000,3,1.0000,0.0000,1.0000,0.7500,0.0000
enkoping,trädfällning,nara_mig,alla,6,4,0.3333,0.0000,1.0000,4,1.0000,0.0000,1.0000,0.2308,0.0000
enkoping,trädfällning,nara_mig,mobil,3,2,0.3333,0.0000,1.0000,2,1.0000,0.0000,1.0000,0.5000,0.0000
enkoping,trädfällning,nara_mig,dator,3,2,0.3333,0.0000,1.0000,2,1.0000,0.0000,1.0000,0.0000,0.0000
enkoping,trädfällning,akut,alla,6,6,0.0000,0.0000,1.0000,6,1.0000,0.0000,0.8333,0.4545,0.0000
enkoping,trädfällning,akut,mobil,3,3,0.0000,0.0000,1.0000,3,1.0000,0.0000,0.6667,0.3333,0.0000
enkoping,trädfällning,akut,dator,3,3,0.0000,0.0000,1.0000,3,1.0000,0.0000,1.0000,0.6000,0.0000
enkoping,trädgårdsskötsel,alla,alla,30,25,0.1667,0.0000,1.0000,25,1.0000,0.4000,0.0800,0.0972,0.0000
enkoping,trädgårdsskötsel,alla,mobil,15,13,0.1333,0.0000,1.0000,13,1.0000,0.3846,0.1538,0.0789,0.0000
enkoping,trädgårdsskötsel,alla,dator,15,12,0.2000,0.0000,1.0000,12,1.0000,0.4167,0.0000,0.1176,0.0000
enkoping,trädgårdsskötsel,ort,alla,6,5,0.1667,0.0000,1.0000,5,1.0000,0.4000,0.0000,0.0000,0.0000
enkoping,trädgårdsskötsel,ort,mobil,3,3,0.0000,0.0000,1.0000,3,1.0000,0.3333,0.0000,0.0000,0.0000
enkoping,trädgårdsskötsel,ort,dator,3,2,0.3333,0.0000,1.0000,2,1.0000,0.5000,0.0000,0.0000,0.0000
enkoping,trädgårdsskötsel,i_ort,alla,6,5,0.1667,0.0000,1.0000,5,1.0000,0.4000,0.0000,0.0833,0.0000
enkoping,trädgårdsskötsel,i_ort,mobil,3,3,0.0000,0.0000,1.0000,3,1.0000,0.3333,0.0000,0.0000,0.0000
enkoping,trädgårdsskötsel,i_ort,dator,3,2,0.3333,0.0000,1.0000,2,1.0000,0.5000,0.0000,0.2000,0.0000
enkoping,trädgårdsskötsel,basta,alla,6,4,0.3333,0.0000,1.0000,4,1.0000,0.5000,0.0000,0.2000,0.0000
enkoping,trädgårdsskötsel,basta,mobil,3,2,0.3333,0.0000,1.0000,2,1.0000,0.5000,0.0000,0.1667,0.0000
enkoping,trädgårdsskötsel,basta,dator,3,2,0.3333,0.0000,1.0000,2,1.0000,0.5000,0.0000,0.2500,0.0000
enkoping,trädgårdsskötsel,nara_mig,alla,6,5,0.1667,0.0000,1.0000,5,1.0000,0.2000,0.4000,0.2000,0.0000
enkoping,trädgårdsskötsel,nara_mig,mobil,3,2,0.3333,0.0000,1.0000,2,1.0000,0.0000,1.0000,0.3333,0.0000
enkoping,trädgårdsskötsel,nara_mig,dator,3,3,0.0000,0.0000,1.0000,3,1.0000,0.3333,0.0000,0.1111,0.0000
enkoping,trädgårdsskötsel,akut,alla,6,6,0.0000,0.0000,1.0000,6,1.0000,0.5000,0.0000,0.0476,0.0000
enkoping,trädgårdsskötsel,akut,mobil,3,3,0.0000,0.0000,1.0000,3,1.0000,0.6667,0.0000,0.0000,0.0000
enkoping,trädgårdsskötsel,akut,dator,3,3,0.0000,0.0000,1.0000,3,1.0000,0.3333,0.0000,0.1000,0.0000
enkoping,markarbete,alla,alla,30,23,0.2333,0.0000,1.0000,23,1.0000,0.0000,1.0000,0.2923,0.0000
enkoping,markarbete,alla,mobil,15,14,0.0667,0.0000,1.0000,14,1.0000,0.0000,1.0000,0.3171,0.0000
enkoping,markarbete,alla,dator,15,9,0.4000,0.0000,1.0000,9,1.0000,0.0000,1.0000,0.2500,0.0000
enkoping,markarbete,ort,alla,6,4,0.3333,0.0000,1.0000,4,1.0000,0.0000,1.0000,0.2308,0.0000
enkoping,markarbete,ort,mobil,3,3,0.0000,0.0000,1.0000,3,1.0000,0.0000,1.0000,0.2222,0.0000
enkoping,markarbete,ort,dator,3,1,0.6667,0.0000,1.0000,1,1.0000,0.0000,1.0000,0.2500,0.0000
enkoping,markarbete,i_ort,alla,6,4,0.3333,0.0000,1.0000,4,1.0000,0.0000,1.0000,0.3077,0.0000
enkoping,markarbete,i_ort,mobil,3,3,0.0000,0.0000,1.0000,3,1.0000,0.0000,1.0000,0.3333,0.0000
enkoping,markarbete,i_ort,dator,3,1,0.6667,0.0000,1.0000,1,1.0000,0.0000,1.0000,0.2500,0.0000
enkoping,markarbete,basta,alla,6,6,0.0000,0.0000,1.0000,6,1.0000,0.0000,1.0000,0.4286,0.0000
enkoping,markarbete,basta,mobil,3,3,0.0000,0.0000,1.0000,3,1.0000,0.0000,1.0000,0.3333,0.0000
enkoping,markarbete,basta,dator,3,3,0.0000,0.0000,1.0000,3,1.0000,0.0000,1.0000,0.6000,0.0000
enkoping,markarbete,nara_mig,alla,6,4,0.3333,0.0000,1.0000,4,1.0000,0.0000,1.0000,0.2000,0.0000
enkoping,markarbete,nara_mig,mobil,3,2,0.3333,0.0000,1.0000,2,1.0000,0.0000,1.0000,0.4000,0.0000
enkoping,markarbete,nara_mig,dator,3,2,0.3333,0.0000,1.0000,2,1.0000,0.0000,1.0000,0.0000,0.0000
enkoping,markarbete,akut,alla,6,5,0.1667,0.0000,1.0000,5,1.0000,0.0000,1.0000,0.2667,0.0000
enkoping,markarbete,akut,mobil,3,3,0.0000,0.0000,1.0000,3,1.0000,0.0000,1.0000,0.3333,0.0000
enkoping,markarbete,akut,dator,3,2,0.3333,0.0000,1.0000,2,1.0000,0.0000,1.0000,0.1667,0.0000
enkoping,gräv,alla,alla,30,7,0.7667,0.0000,1.0000,7,1.0000,0.0000,1.0000,0.4545,0.0000
enkoping,gräv,alla,mobil,15,4,0.7333,0.0000,1.0000,4,1.0000,0.0000,1.0000,0.8000,0.0000
enkoping,gräv,alla,dator,15,3,0.8000,0.0000,1.0000,3,1.0000,0.0000,1.0000,0.1667,0.0000
enkoping,gräv,ort,alla,6,1,0.8333,0.0000,1.0000,1,1.0000,0.0000,1.0000,0.5000,0.0000
enkoping,gräv,ort,mobil,3,1,0.6667,0.0000,1.0000,1,1.0000,0.0000,1.0000,0.5000,0.0000
enkoping,gräv,ort,dator,3,0,1.0000,,,0,1.0000,,,,
enkoping,gräv,i_ort,alla,6,0,1.0000,,,0,1.0000,,,,
enkoping,gräv,i_ort,mobil,3,0,1.0000,,,0,1.0000,,,,
enkoping,gräv,i_ort,dator,3,0,1.0000,,,0,1.0000,,,,
enkoping,gräv,basta,alla,6,1,0.8333,0.0000,1.0000,1,1.0000,0.0000,1.0000,1.0000,0.0000
enkoping,gräv,basta,mobil,3,0,1.0000,,,0,1.0000,,,,
enkoping,gräv,basta,dator,3,1,0.6667,0.0000,1.0000,1,1.0000,0.0000,1.0000,1.0000,0.0000
enkoping,gräv,nara_mig,alla,6,4,0.3333,0.0000,1.0000,4,1.0000,0.0000,1.0000,0.2857,0.0000
enkoping,gräv,nara_mig,mobil,3,2,0.3333,0.0000,1.0000,2,1.0000,0.0000,1.0000,1.0000,0.0000
enkoping,gräv,nara_mig,dator,3,2,0.3333,0.0000,1.0000,2,1.0000,0.0000,1.0000,0.0000,0.0000
enkoping,gräv,akut,alla,6,1,0.8333,0.0000,1.0000,1,1.0000,0.0000,1.0000,1.0000,0.0000
enkoping,gräv,akut,mobil,3,1,0.6667,0.0000,1.0000,1,1.0000,0.0000,1.0000,1.0000,0.0000
enkoping,gräv,akut,dator,3,0,1.0000,,,0,1.0000,,,,
enkoping,betong,alla,alla,30,3,0.9000,0.0000,,0,,0.0000,,0.0000,0.0000
enkoping,betong,alla,mobil,15,3,0.8000,0.0000,,0,,0.0000,,0.0000,0.0000
enkoping,betong,alla,dator,15,0,1.0000,,,0,,,,,
enkoping,betong,ort,alla,6,0,1.0000,,,0,,,,,
enkoping,betong,ort,mobil,3,0,1.0000,,,0,,,,,
enkoping,betong,ort,dator,3,0,1.0000,,,0,,,,,
enkoping,betong,i_ort,alla,6,2,0.6667,0.0000,,0,,0.0000,,0.0000,0.0000
enkoping,betong,i_ort,mobil,3,2,0.3333,0.0000,,0,,0.0000,,0.0000,0.0000
enkoping,betong,i_ort,dator,3,0,1.0000,,,0,,,,,
enkoping,betong,basta,alla,6,0,1.0000,,,0,,,,,
enkoping,betong,basta,mobil,3,0,1.0000,,,0,,,,,
enkoping,betong,basta,dator,3,0,1.0000,,,0,,,,,
enkoping,betong,nara_mig,alla,6,1,0.8333,0.0000,,0,,0.0000,,0.0000,0.0000
enkoping,betong,nara_mig,mobil,3,1,0.6667,0.0000,,0,,0.0000,,0.0000,0.0000
enkoping,betong,nara_mig,dator,3,0,1.0000,,,0,,,,,
enkoping,betong,akut,alla,6,0,1.0000,,,0,,,,,
enkoping,betong,akut,mobil,3,0,1.0000,,,0,,,,,
enkoping,betong,akut,dator,3,0,1.0000,,,0,,,,,
enkoping,ventilation,alla,alla,30,26,0.1333,0.0385,0.3462,26,0.4333,0.0385,0.3462,0.4651,0.0116
enkoping,ventilation,alla,mobil,15,14,0.0667,0.0714,0.2143,14,0.2667,0.0714,0.2143,0.4792,0.0208
enkoping,ventilation,alla,dator,15,12,0.2000,0.0000,0.5000,12,0.6000,0.0000,0.5000,0.4474,0.0000
enkoping,ventilation,ort,alla,6,5,0.1667,0.0000,0.2000,5,0.3333,0.0000,0.2000,0.3889,0.0000
enkoping,ventilation,ort,mobil,3,3,0.0000,0.0000,0.0000,3,0.0000,0.0000,0.0000,0.3333,0.0000
enkoping,ventilation,ort,dator,3,2,0.3333,0.0000,0.5000,2,0.6667,0.0000,0.5000,0.5000,0.0000
enkoping,ventilation,i_ort,alla,6,5,0.1667,0.2000,0.2000,5,0.3333,0.2000,0.2000,0.6000,0.0000
enkoping,ventilation,i_ort,mobil,3,3,0.0000,0.3333,0.3333,3,0.3333,0.3333,0.3333,0.5714,0.0000
enkoping,ventilation,i_ort,dator,3,2,0.3333,0.0000,0.0000,2,0.3333,0.0000,0.0000,0.6250,0.0000
enkoping,ventilation,basta,alla,6,5,0.1667,0.0000,0.8000,5,0.8333,0.0000,0.8000,0.6429,0.0000
enkoping,ventilation,basta,mobil,3,3,0.0000,0.0000,0.6667,3,0.6667,0.0000,0.6667,0.6364,0.0000
enkoping,ventilation,basta,dator,3,2,0.3333,0.0000,1.0000,2,1.0000,0.0000,1.0000,0.6667,0.0000
enkoping,ventilation,nara_mig,alla,6,5,0.1667,0.0000,0.6000,5,0.6667,0.0000,0.6000,0.2500,0.0000
enkoping,ventilation,nara_mig,mobil,3,2,0.3333,0.0000,0.0000,2,0.3333,0.0000,0.0000,0.3333,0.0000
enkoping,ventilation,nara_mig,dator,3,3,0.0000,0.0000,1.0000,3,1.0000,0.0000,1.0000,0.2000,0.0000
enkoping,ventilation,akut,alla,6,6,0.0000,0.0000,0.0000,6,0.0000,0.0000,0.0000,0.4783,0.0435
enkoping,ventilation,akut,mobil,3,3,0.0000,0.0000,0.0000,3,0.0000,0.0000,0.0000,0.5000,0.0833
enkoping,ventilation,akut,dator,3,3,0.0000,0.0000,0.0000,3,0.0000,0.0000,0.0000,0.4545,0.0000
enkoping,värmepump,alla,alla,30,26,0.1333,0.0000,,0,,0.0000,,0.0244,0.0244
enkoping,värmepump,alla,mobil,15,14,0.0667,0.0000,,0,,0.0000,,0.0476,0.0238
enkoping,värmepump,alla,dator,15,12,0.2000,0.0000,,0,,0.0000,,0.0000,0.0250
enkoping,värmepump,ort,alla,6,6,0.0000,0.0000,,0,,0.0000,,0.0000,0.0000
enkoping,värmepump,ort,mobil,3,3,0.0000,0.0000,,0,,0.0000,,0.0000,0.0000
enkoping,värmepump,ort,dator,3,3,0.0000,0.0000,,0,,0.0000,,0.0000,0.0000
enkoping,värmepump,i_ort,alla,6,6,0.0000,0.0000,,0,,0.0000,,0.0000,0.0476
enkoping,värmepump,i_ort,mobil,3,3,0.0000,0.0000,,0,,0.0000,,0.0000,0.0000
enkoping,värmepump,i_ort,dator,3,3,0.0000,0.0000,,0,,0.0000,,0.0000,0.0833
enkoping,värmepump,basta,alla,6,5,0.1667,0.0000,,0,,0.0000,,0.0000,0.0000
enkoping,värmepump,basta,mobil,3,3,0.0000,0.0000,,0,,0.0000,,0.0000,0.0000
enkoping,värmepump,basta,dator,3,2,0.3333,0.0000,,0,,0.0000,,0.0000,0.0000
enkoping,värmepump,nara_mig,alla,6,5,0.1667,0.0000,,0,,0.0000,,0.0000,0.0000
enkoping,värmepump,nara_mig,mobil,3,2,0.3333,0.0000,,0,,0.0000,,0.0000,0.0000
enkoping,värmepump,nara_mig,dator,3,3,0.0000,0.0000,,0,,0.0000,,0.0000,0.0000
enkoping,värmepump,akut,alla,6,4,0.3333,0.0000,,0,,0.0000,,0.2222,0.1111
enkoping,värmepump,akut,mobil,3,3,0.0000,0.0000,,0,,0.0000,,0.2500,0.1250
enkoping,värmepump,akut,dator,3,1,0.6667,0.0000,,0,,0.0000,,0.0000,0.0000
enkoping,solceller,alla,alla,30,26,0.1333,0.0000,,0,,0.0000,,0.0000,0.0108
enkoping,solceller,alla,mobil,15,14,0.0667,0.0000,,0,,0.0000,,0.0000,0.0000
enkoping,solceller,alla,dator,15,12,0.2000,0.0000,,0,,0.0000,,0.0000,0.0227
enkoping,solceller,ort,alla,6,5,0.1667,0.0000,,0,,0.0000,,0.0000,0.0000
enkoping,solceller,ort,mobil,3,3,0.0000,0.0000,,0,,0.0000,,0.0000,0.0000
enkoping,solceller,ort,dator,3,2,0.3333,0.0000,,0,,0.0000,,0.0000,0.0000
enkoping,solceller,i_ort,alla,6,6,0.0000,0.0000,,0,,0.0000,,0.0000,0.0000
enkoping,solceller,i_ort,mobil,3,3,0.0000,0.0000,,0,,0.0000,,0.0000,0.0000
enkoping,solceller,i_ort,dator,3,3,0.0000,0.0000,,0,,0.0000,,0.0000,0.0000
enkoping,solceller,basta,alla,6,6,0.0000,0.0000,,0,,0.0000,,0.0000,0.0000
enkoping,solceller,basta,mobil,3,3,0.0000,0.0000,,0,,0.0000,,0.0000,0.0000
enkoping,solceller,basta,dator,3,3,0.0000,0.0000,,0,,0.0000,,0.0000,0.0000
enkoping,solceller,nara_mig,alla,6,6,0.0000,0.0000,,0,,0.0000,,0.0000,0.0500
enkoping,solceller,nara_mig,mobil,3,3,0.0000,0.0000,,0,,0.0000,,0.0000,0.0000
enkoping,solceller,nara_mig,dator,3,3,0.0000,0.0000,,0,,0.0000,,0.0000,0.0909
enkoping,solceller,akut,alla,6,3,0.5000,0.0000,,0,,0.0000,,0.0000,0.0000
enkoping,solceller,akut,mobil,3,2,0.3333,0.0000,,0,,0.0000,,0.0000,0.0000
enkoping,solceller,akut,dator,3,1,0.6667,0.0000,,0,,0.0000,,0.0000,0.0000
enkoping,larm,alla,alla,30,23,0.2333,0.0000,1.0000,23,1.0000,0.0000,1.0000,0.0000,0.0000
enkoping,larm,alla,mobil,15,11,0.2667,0.0000,1.0000,11,1.0000,0.0000,1.0000,0.0000,0.0000
enkoping,larm,alla,dator,15,12,0.2000,0.0000,1.0000,12,1.0000,0.0000,1.0000,0.0000,0.0000
enkoping,larm,ort,alla,6,6,0.0000,0.0000,1.0000,6,1.0000,0.0000,1.0000,0.0000,0.0000
enkoping,larm,ort,mobil,3,3,0.0000,0.0000,1.0000,3,1.0000,0.0000,1.0000,0.0000,0.0000
enkoping,larm,ort,dator,3,3,0.0000,0.0000,1.0000,3,1.0000,0.0000,1.0000,0.0000,0.0000
enkoping,larm,i_ort,alla,6,5,0.1667,0.0000,1.0000,5,1.0000,0.0000,1.0000,0.0000,0.0000
enkoping,larm,i_ort,mobil,3,2,0.3333,0.0000,1.0000,2,1.0000,0.0000,1.0000,0.0000,0.0000
enkoping,larm,i_ort,dator,3,3,0.0000,0.0000,1.0000,3,1.0000,0.0000,1.0000,0.0000,0.0000
enkoping,larm,basta,alla,6,6,0.0000,0.0000,1.0000,6,1.0000,0.0000,1.0000,0.0000,0.0000
enkoping,larm,basta,mobil,3,3,0.0000,0.0000,1.0000,3,1.0000,0.0000,1.0000,0.0000,0.0000
enkoping,larm,basta,dator,3,3,0.0000,0.0000,1.0000,3,1.0000,0.0000,1.0000,0.0000,0.0000
enkoping,larm,nara_mig,alla,6,6,0.0000,0.0000,1.0000,6,1.0000,0.0000,1.0000,0.0000,0.0000
enkoping,larm,nara_mig,mobil,3,3,0.0000,0.0000,1.0000,3,1.0000,0.0000,1.0000,0.0000,0.0000
enkoping,larm,nara_mig,dator,3,3,0.0000,0.0000,1.0000,3,1.0000,0.0000,1.0000,0.0000,0.0000
enkoping,larm,akut,alla,6,0,1.0000,,,0,1.0000,,,,
enkoping,larm,akut,mobil,3,0,1.0000,,,0,1.0000,,,,
enkoping,larm,akut,dator,3,0,1.0000,,,0,1.0000,,,,
enkoping,lås,alla,alla,30,12,0.6000,0.0000,1.0000,12,1.0000,0.0000,1.0000,0.6316,0.0000
enkoping,lås,alla,mobil,15,9,0.4000,0.0000,1.0000,9,1.0000,0.0000,1.0000,0.6000,0.0000
enkoping,lås,alla,dator,15,3,0.8000,0.0000,1.0000,3,1.0000,0.0000,1.0000,0.7500,0.0000
enkoping,lås,ort,alla,6,2,0.6667,0.0000,1.0000,2,1.0000,0.0000,1.0000,1.0000,0.0000
enkoping,lås,ort,mobil,3,2,0.3333,0.0000,1.0000,2,1.0000,0.0000,1.0000,1.0000,0.0000
enkoping,lås,ort,dator,3,0,1.0000,,,0,1.0000,,,,
enkoping,lås,i_ort,alla,6,2,0.6667,0.0000,1.0000,2,1.0000,0.0000,1.0000,0.4000,0.0000
enkoping,lås,i_ort,mobil,3,2,0.3333,0.0000,1.0000,2,1.0000,0.0000,1.0000,0.4000,0.0000
enkoping,lås,i_ort,dator,3,0,1.0000,,,0,1.0000,,,,
enkoping,lås,basta,alla,6,2,0.6667,0.0000,1.0000,2,1.0000,0.0000,1.0000,0.6667,0.0000
enkoping,lås,basta,mobil,3,2,0.3333,0.0000,1.0000,2,1.0000,0.0000,1.0000,0.6667,0.0000
enkoping,lås,basta,dator,3,0,1.0000,,,0,1.0000,,,,
enkoping,lås,nara_mig,alla,6,0,1.0000,,,0,1.0000,,,,
enkoping,lås,nara_mig,mobil,3,0,1.0000,,,0,1.0000,,,,
enkoping,lås,nara_mig,dator,3,0,1.0000,,,0,1.0000,,,,
enkoping,lås,akut,alla,6,6,0.0000,0.0000,1.0000,6,1.0000,0.0000,1.0000,0.6667,0.0000
enkoping,lås,akut,mobil,3,3,0.0000,0.0000,1.0000,3,1.0000,0.0000,1.0000,0.6000,0.0000
enkoping,lås,akut,dator,3,3,0.0000,0.0000,1.0000,3,1.0000,0.0000,1.0000,0.7500,0.0000
enkoping,låssmed,alla,alla,30,0,1.0000,,,0,1.0000,,,,
enkoping,låssmed,alla,mobil,15,0,1.0000,,,0,1.0000,,,,
enkoping,låssmed,alla,dator,15,0,1.0000,,,0,1.0000,,,,
enkoping,låssmed,ort,alla,6,0,1.0000,,,0,1.0000,,,,
enkoping,låssmed,ort,mobil,3,0,1.0000,,,0,1.0000,,,,
enkoping,låssmed,ort,dator,3,0,1.0000,,,0,1.0000,,,,
enkoping,låssmed,i_ort,alla,6,0,1.0000,,,0,1.0000,,,,
enkoping,låssmed,i_ort,mobil,3,0,1.0000,,,0,1.0000,,,,
enkoping,låssmed,i_ort,dator,3,0,1.0000,,,0,1.0000,,,,
enkoping,låssmed,basta,alla,6,0,1.0000,,,0,1.0000,,,,
enkoping,låssmed,basta,mobil,3,0,1.0000,,,0,1.0000,,,,
enkoping,låssmed,basta,dator,3,0,1.0000,,,0,1.0000,,,,
enkoping,låssmed,nara_mig,alla,6,0,1.0000,,,0,1.0000,,,,
enkoping,låssmed,nara_mig,mobil,3,0,1.0000,,,0,1.0000,,,,
enkoping,låssmed,nara_mig,dator,3,0,1.0000,,,0,1.0000,,,,
enkoping,låssmed,akut,alla,6,0,1.0000,,,0,1.0000,,,,
enkoping,låssmed,akut,mobil,3,0,1.0000,,,0,1.0000,,,,
enkoping,låssmed,akut,dator,3,0,1.0000,,,0,1.0000,,,,
enkoping,glasmästare,alla,alla,30,18,0.4000,0.0000,1.0000,18,1.0000,0.4444,0.3889,0.0000,0.2813
enkoping,glasmästare,alla,mobil,15,12,0.2000,0.0000,1.0000,12,1.0000,0.4167,0.5000,0.0000,0.4286
enkoping,glasmästare,alla,dator,15,6,0.6000,0.0000,1.0000,6,1.0000,0.5000,0.1667,0.0000,0.0000
enkoping,glasmästare,ort,alla,6,2,0.6667,0.0000,1.0000,2,1.0000,1.0000,0.0000,0.0000,0.0000
enkoping,glasmästare,ort,mobil,3,2,0.3333,0.0000,1.0000,2,1.0000,1.0000,0.0000,0.0000,0.0000
enkoping,glasmästare,ort,dator,3,0,1.0000,,,0,1.0000,,,,
enkoping,glasmästare,i_ort,alla,6,4,0.3333,0.0000,1.0000,4,1.0000,0.0000,0.5000,0.0000,0.4286
enkoping,glasmästare,i_ort,mobil,3,3,0.0000,0.0000,1.0000,3,1.0000,0.0000,0.6667,0.0000,0.6000
enkoping,glasmästare,i_ort,dator,3,1,0.6667,0.0000,1.0000,1,1.0000,0.0000,0.0000,0.0000,0.0000
enkoping,glasmästare,basta,alla,6,1,0.8333,0.0000,1.0000,1,1.0000,0.0000,1.0000,0.0000,1.0000
enkoping,glasmästare,basta,mobil,3,1,0.6667,0.0000,1.0000,1,1.0000,0.0000,1.0000,0.0000,1.0000
enkoping,glasmästare,basta,dator,3,0,1.0000,,,0,1.0000,,,,
enkoping,glasmästare,nara_mig,alla,6,5,0.1667,0.0000,1.0000,5,1.0000,0.0000,0.8000,0.0000,0.3846
enkoping,glasmästare,nara_mig,mobil,3,3,0.0000,0.0000,1.0000,3,1.0000,0.0000,1.0000,0.0000,0.7143
enkoping,glasmästare,nara_mig,dator,3,2,0.3333,0.0000,1.0000,2,1.0000,0.0000,0.5000,0.0000,0.0000
enkoping,glasmästare,akut,alla,6,6,0.0000,0.0000,1.0000,6,1.0000,1.0000,0.0000,0.0000,0.0000
enkoping,glasmästare,akut,mobil,3,3,0.0000,0.0000,1.0000,3,1.0000,1.0000,0.0000,0.0000,0.0000
enkoping,glasmästare,akut,dator,3,3,0.0000,0.0000,1.0000,3,1.0000,1.0000,0.0000,0.0000,0.0000
enkoping,bilrekond,alla,alla,30,5,0.8333,0.0000,,0,,0.0000,,0.0000,0.0000
enkoping,bilrekond,alla,mobil,15,3,0.8000,0.0000,,0,,0.0000,,0.0000,0.0000
enkoping,bilrekond,alla,dator,15,2,0.8667,0.0000,,0,,0.0000,,0.0000,0.0000
enkoping,bilrekond,ort,alla,6,0,1.0000,,,0,,,,,
enkoping,bilrekond,ort,mobil,3,0,1.0000,,,0,,,,,
enkoping,bilrekond,ort,dator,3,0,1.0000,,,0,,,,,
enkoping,bilrekond,i_ort,alla,6,1,0.8333,0.0000,,0,,0.0000,,0.0000,0.0000
enkoping,bilrekond,i_ort,mobil,3,1,0.6667,0.0000,,0,,0.0000,,0.0000,0.0000
enkoping,bilrekond,i_ort,dator,3,0,1.0000,,,0,,,,,
enkoping,bilrekond,basta,alla,6,1,0.8333,0.0000,,0,,0.0000,,0.0000,0.0000
enkoping,bilrekond,basta,mobil,3,1,0.6667,0.0000,,0,,0.0000,,0.0000,0.0000
enkoping,bilrekond,basta,dator,3,0,1.0000,,,0,,,,,
enkoping,bilrekond,nara_mig,alla,6,3,0.5000,0.0000,,0,,0.0000,,0.0000,0.0000
enkoping,bilrekond,nara_mig,mobil,3,1,0.6667,0.0000,,0,,0.0000,,0.0000,0.0000
enkoping,bilrekond,nara_mig,dator,3,2,0.3333,0.0000,,0,,0.0000,,0.0000,0.0000
enkoping,bilrekond,akut,alla,6,0,1.0000,,,0,,,,,
enkoping,bilrekond,akut,mobil,3,0,1.0000,,,0,,,,,
enkoping,bilrekond,akut,dator,3,0,1.0000,,,0,,,,,
enkoping,husbesiktning,alla,alla,30,29,0.0333,0.0000,,0,,0.0000,,0.0459,0.0000
enkoping,husbesiktning,alla,mobil,15,15,0.0000,0.0000,,0,,0.0000,,0.0351,0.0000
enkoping,husbesiktning,alla,dator,15,14,0.0667,0.0000,,0,,0.0000,,0.0577,0.0000
enkoping,husbesiktning,ort,alla,6,6,0.0000,0.0000,,0,,0.0000,,0.0000,0.0000
enkoping,husbesiktning,ort,mobil,3,3,0.0000,0.0000,,0,,0.0000,,0.0000,0.0000
enkoping,husbesiktning,ort,dator,3,3,0.0000,0.0000,,0,,0.0000,,0.0000,0.0000
enkoping,husbesiktning,i_ort,alla,6,6,0.0000,0.0000,,0,,0.0000,,0.0435,0.0000
enkoping,husbesiktning,i_ort,mobil,3,3,0.0000,0.0000,,0,,0.0000,,0.0833,0.0000
enkoping,husbesiktning,i_ort,dator,3,3,0.0000,0.0000,,0,,0.0000,,0.0000,0.0000
enkoping,husbesiktning,basta,alla,6,6,0.0000,0.0000,,0,,0.0000,,0.0417,0.0000
enkoping,husbesiktning,basta,mobil,3,3,0.0000,0.0000,,0,,0.0000,,0.0000,0.0000
enkoping,husbesiktning,basta,dator,3,3,0.0000,0.0000,,0,,0.0000,,0.0833,0.0000
enkoping,husbesiktning,nara_mig,alla,6,6,0.0000,0.0000,,0,,0.0000,,0.0455,0.0000
enkoping,husbesiktning,nara_mig,mobil,3,3,0.0000,0.0000,,0,,0.0000,,0.0000,0.0000
enkoping,husbesiktning,nara_mig,dator,3,3,0.0000,0.0000,,0,,0.0000,,0.0909,0.0000
enkoping,husbesiktning,akut,alla,6,5,0.1667,0.0000,,0,,0.0000,,0.1053,0.0000
enkoping,husbesiktning,akut,mobil,3,3,0.0000,0.0000,,0,,0.0000,,0.0833,0.0000
enkoping,husbesiktning,akut,dator,3,2,0.3333,0.0000,,0,,0.0000,,0.1429,0.0000
enkoping,energideklaration,alla,alla,30,28,0.0667,0.0000,,0,,0.0000,,0.0467,0.0000
enkoping,energideklaration,alla,mobil,15,15,0.0000,0.0000,,0,,0.0000,,0.0517,0.0000
enkoping,energideklaration,alla,dator,15,13,0.1333,0.0000,,0,,0.0000,,0.0408,0.0000
enkoping,energideklaration,ort,alla,6,5,0.1667,0.0000,,0,,0.0000,,0.2000,0.0000
enkoping,energideklaration,ort,mobil,3,3,0.0000,0.0000,,0,,0.0000,,0.1667,0.0000
enkoping,energideklaration,ort,dator,3,2,0.3333,0.0000,,0,,0.0000,,0.2500,0.0000
enkoping,energideklaration,i_ort,alla,6,5,0.1667,0.0000,,0,,0.0000,,0.0500,0.0000
enkoping,energideklaration,i_ort,mobil,3,3,0.0000,0.0000,,0,,0.0000,,0.0833,0.0000
enkoping,energideklaration,i_ort,dator,3,2,0.3333,0.0000,,0,,0.0000,,0.0000,0.0000
enkoping,energideklaration,basta,alla,6,6,0.0000,0.0000,,0,,0.0000,,0.0000,0.0000
enkoping,energideklaration,basta,mobil,3,3,0.0000,0.0000,,0,,0.0000,,0.0000,0.0000
enkoping,energideklaration,basta,dator,3,3,0.0000,0.0000,,0,,0.0000,,0.0000,0.0000
enkoping,energideklaration,nara_mig,alla,6,6,0.0000,0.0000,,0,,0.0000,,0.0000,0.0000
enkoping,energideklaration,nara_mig,mobil,3,3,0.0000,0.0000,,0,,0.0000,,0.0000,0.0000
enkoping,energideklaration,nara_mig,dator,3,3,0.0000,0.0000,,0,,0.0000,,0.0000,0.0000
enkoping,energideklaration,akut,alla,6,6,0.0000,0.0000,,0,,0.0000,,0.0000,0.0000
enkoping,energideklaration,akut,mobil,3,3,0.0000,0.0000,,0,,0.0000,,0.0000,0.0000
enkoping,energideklaration,akut,dator,3,3,0.0000,0.0000,,0,,0.0000,,0.0000,0.0000
enkoping,hundtrim,alla,alla,30,2,0.9333,0.5000,,0,,0.5000,,0.0000,0.0000
enkoping,hundtrim,alla,mobil,15,1,0.9333,1.0000,,0,,1.0000,,0.0000,0.0000
enkoping,hundtrim,alla,dator,15,1,0.9333,0.0000,,0,,0.0000,,0.0000,0.0000
enkoping,hundtrim,ort,alla,6,1,0.8333,0.0000,,0,,0.0000,,0.0000,0.0000
enkoping,hundtrim,ort,mobil,3,0,1.0000,,,0,,,,,
enkoping,hundtrim,ort,dator,3,1,0.6667,0.0000,,0,,0.0000,,0.0000,0.0000
enkoping,hundtrim,i_ort,alla,6,0,1.0000,,,0,,,,,
enkoping,hundtrim,i_ort,mobil,3,0,1.0000,,,0,,,,,
enkoping,hundtrim,i_ort,dator,3,0,1.0000,,,0,,,,,
enkoping,hundtrim,basta,alla,6,0,1.0000,,,0,,,,,
enkoping,hundtrim,basta,mobil,3,0,1.0000,,,0,,,,,
enkoping,hundtrim,basta,dator,3,0,1.0000,,,0,,,,,
enkoping,hundtrim,nara_mig,alla,6,0,1.0000,,,0,,,,,
enkoping,hundtrim,nara_mig,mobil,3,0,1.0000,,,0,,,,,
enkoping,hundtrim,nara_mig,dator,3,0,1.0000,,,0,,,,,
enkoping,hundtrim,akut,alla,6,1,0.8333,1.0000,,0,,1.0000,,0.0000,0.0000
enkoping,hundtrim,akut,mobil,3,1,0.6667,1.0000,,0,,1.0000,,0.0000,0.0000
enkoping,hundtrim,akut,dator,3,0,1.0000,,,0,,,,,
enkoping,catering,alla,alla,30,19,0.3667,0.0000,1.0000,19,1.0000,0.0000,1.0000,0.7381,0.0000
enkoping,catering,alla,mobil,15,9,0.4000,0.0000,1.0000,9,1.0000,0.0000,1.0000,0.8125,0.0000
enkoping,catering,alla,dator,15,10,0.3333,0.0000,1.0000,10,1.0000,0.0000,1.0000,0.6923,0.0000
enkoping,catering,ort,alla,6,5,0.1667,0.0000,1.0000,5,1.0000,0.0000,1.0000,0.7143,0.0000
enkoping,catering,ort,mobil,3,3,0.0000,0.0000,1.0000,3,1.0000,0.0000,1.0000,1.0000,0.0000
enkoping,catering,ort,dator,3,2,0.3333,0.0000,1.0000,2,1.0000,0.0000,1.0000,0.5000,0.0000
enkoping,catering,i_ort,alla,6,6,0.0000,0.0000,1.0000,6,1.0000,0.0000,1.0000,0.8000,0.0000
enkoping,catering,i_ort,mobil,3,3,0.0000,0.0000,1.0000,3,1.0000,0.0000,1.0000,0.8571,0.0000
enkoping,catering,i_ort,dator,3,3,0.0000,0.0000,1.0000,3,1.0000,0.0000,1.0000,0.7500,0.0000
enkoping,catering,basta,alla,6,5,0.1667,0.0000,1.0000,5,1.0000,0.0000,1.0000,0.8182,0.0000
enkoping,catering,basta,mobil,3,2,0.3333,0.0000,1.0000,2,1.0000,0.0000,1.0000,1.0000,0.0000
enkoping,catering,basta,dator,3,3,0.0000,0.0000,1.0000,3,1.0000,0.0000,1.0000,0.7500,0.0000
enkoping,catering,nara_mig,alla,6,0,1.0000,,,0,1.0000,,,,
enkoping,catering,nara_mig,mobil,3,0,1.0000,,,0,1.0000,,,,
enkoping,catering,nara_mig,dator,3,0,1.0000,,,0,1.0000,,,,
enkoping,catering,akut,alla,6,3,0.5000,0.0000,1.0000,3,1.0000,0.0000,1.0000,0.5556,0.0000
enkoping,catering,akut,mobil,3,1,0.6667,0.0000,1.0000,1,1.0000,0.0000,1.0000,0.3333,0.0000
enkoping,catering,akut,dator,3,2,0.3333,0.0000,1.0000,2,1.0000,0.0000,1.0000,0.6667,0.0000
enkoping,bageri,alla,alla,30,0,1.0000,,,0,1.0000,,,,
enkoping,bageri,alla,mobil,15,0,1.0000,,,0,1.0000,,,,
enkoping,bageri,alla,dator,15,0,1.0000,,,0,1.0000,,,,
enkoping,bageri,ort,alla,6,0,1.0000,,,0,1.0000,,,,
enkoping,bageri,ort,mobil,3,0,1.0000,,,0,1.0000,,,,
enkoping,bageri,ort,dator,3,0,1.0000,,,0,1.0000,,,,
enkoping,bageri,i_ort,alla,6,0,1.0000,,,0,1.0000,,,,
enkoping,bageri,i_ort,mobil,3,0,1.0000,,,0,1.0000,,,,
enkoping,bageri,i_ort,dator,3,0,1.0000,,,0,1.0000,,,,
enkoping,bageri,basta,alla,6,0,1.0000,,,0,1.0000,,,,
enkoping,bageri,basta,mobil,3,0,1.0000,,,0,1.0000,,,,
enkoping,bageri,basta,dator,3,0,1.0000,,,0,1.0000,,,,
enkoping,bageri,nara_mig,alla,6,0,1.0000,,,0,1.0000,,,,
enkoping,bageri,nara_mig,mobil,3,0,1.0000,,,0,1.0000,,,,
enkoping,bageri,nara_mig,dator,3,0,1.0000,,,0,1.0000,,,,
enkoping,bageri,akut,alla,6,0,1.0000,,,0,1.0000,,,,
enkoping,bageri,akut,mobil,3,0,1.0000,,,0,1.0000,,,,
enkoping,bageri,akut,dator,3,0,1.0000,,,0,1.0000,,,,
enkoping,skräddare,alla,alla,30,0,1.0000,,,0,,,,,
enkoping,skräddare,alla,mobil,15,0,1.0000,,,0,,,,,
enkoping,skräddare,alla,dator,15,0,1.0000,,,0,,,,,
enkoping,skräddare,ort,alla,6,0,1.0000,,,0,,,,,
enkoping,skräddare,ort,mobil,3,0,1.0000,,,0,,,,,
enkoping,skräddare,ort,dator,3,0,1.0000,,,0,,,,,
enkoping,skräddare,i_ort,alla,6,0,1.0000,,,0,,,,,
enkoping,skräddare,i_ort,mobil,3,0,1.0000,,,0,,,,,
enkoping,skräddare,i_ort,dator,3,0,1.0000,,,0,,,,,
enkoping,skräddare,basta,alla,6,0,1.0000,,,0,,,,,
enkoping,skräddare,basta,mobil,3,0,1.0000,,,0,,,,,
enkoping,skräddare,basta,dator,3,0,1.0000,,,0,,,,,
enkoping,skräddare,nara_mig,alla,6,0,1.0000,,,0,,,,,
enkoping,skräddare,nara_mig,mobil,3,0,1.0000,,,0,,,,,
enkoping,skräddare,nara_mig,dator,3,0,1.0000,,,0,,,,,
enkoping,skräddare,akut,alla,6,0,1.0000,,,0,,,,,
enkoping,skräddare,akut,mobil,3,0,1.0000,,,0,,,,,
enkoping,skräddare,akut,dator,3,0,1.0000,,,0,,,,,
enkoping,cykelreparation,alla,alla,30,0,1.0000,,,0,1.0000,,,,
enkoping,cykelreparation,alla,mobil,15,0,1.0000,,,0,1.0000,,,,
enkoping,cykelreparation,alla,dator,15,0,1.0000,,,0,1.0000,,,,
enkoping,cykelreparation,ort,alla,6,0,1.0000,,,0,1.0000,,,,
enkoping,cykelreparation,ort,mobil,3,0,1.0000,,,0,1.0000,,,,
enkoping,cykelreparation,ort,dator,3,0,1.0000,,,0,1.0000,,,,
enkoping,cykelreparation,i_ort,alla,6,0,1.0000,,,0,1.0000,,,,
enkoping,cykelreparation,i_ort,mobil,3,0,1.0000,,,0,1.0000,,,,
enkoping,cykelreparation,i_ort,dator,3,0,1.0000,,,0,1.0000,,,,
enkoping,cykelreparation,basta,alla,6,0,1.0000,,,0,1.0000,,,,
enkoping,cykelreparation,basta,mobil,3,0,1.0000,,,0,1.0000,,,,
enkoping,cykelreparation,basta,dator,3,0,1.0000,,,0,1.0000,,,,
enkoping,cykelreparation,nara_mig,alla,6,0,1.0000,,,0,1.0000,,,,
enkoping,cykelreparation,nara_mig,mobil,3,0,1.0000,,,0,1.0000,,,,
enkoping,cykelreparation,nara_mig,dator,3,0,1.0000,,,0,1.0000,,,,
enkoping,cykelreparation,akut,alla,6,0,1.0000,,,0,1.0000,,,,
enkoping,cykelreparation,akut,mobil,3,0,1.0000,,,0,1.0000,,,,
enkoping,cykelreparation,akut,dator,3,0,1.0000,,,0,1.0000,,,,
falkenberg,alla,alla,alla,1470,719,0.5109,0.0709,0.8128,577,0.9027,0.2935,0.4315,0.1838,0.0063
falkenberg,alla,alla,mobil,735,381,0.4816,0.0919,0.7756,303,0.8775,0.3018,0.3993,0.1918,0.0095
falkenberg,alla,alla,dator,735,338,0.5401,0.0473,0.8540,274,0.9279,0.2840,0.4672,0.1759,0.0031
falkenberg,alla,ort,alla,294,125,0.5748,0.0960,0.7551,98,0.8919,0.3200,0.4082,0.1841,0.0000
falkenberg,alla,ort,mobil,147,69,0.5306,0.1014,0.7407,54,0.8739,0.2899,0.4444,0.1698,0.0000
falkenberg,alla,ort,dator,147,56,0.6190,0.0893,0.7727,44,0.9099,0.3571,0.3636,0.1987,0.0000
falkenberg,alla,i_ort,alla,294,161,0.4524,0.0932,0.7786,131,0.8694,0.3416,0.3664,0.1944,0.0070
falkenberg,alla,i_ort,mobil,147,82,0.4422,0.1098,0.7385,65,0.8468,0.3293,0.3385,0.2069,0.0049
falkenberg,alla,i_ort,dator,147,79,0.4626,0.0759,0.8182,66,0.8919,0.3544,0.3939,0.1830,0.0089
falkenberg,alla,basta,alla,294,153,0.4796,0.0458,0.8400,125,0.9099,0.2941,0.4480,0.1850,0.0070
falkenberg,alla,basta,mobil,147,86,0.4150,0.0581,0.8028,71,0.8739,0.3023,0.4366,0.1982,0.0132
falkenberg,alla,basta,dator,147,67,0.5442,0.0299,0.8889,54,0.9459,0.2836,0.4630,0.1700,0.0000
falkenberg,alla,nara_mig,alla,294,130,0.5578,0.0308,0.9394,99,0.9730,0.2308,0.5758,0.1395,0.0029
falkenberg,alla,nara_mig,mobil,147,54,0.6327,0.0741,0.8537,41,0.9459,0.2593,0.4634,0.1594,0.0072
falkenberg,alla,nara_mig,dator,147,76,0.4830,0.0000,1.0000,58,1.0000,0.2105,0.6552,0.1262,0.0000
falkenberg,alla,akut,alla,294,150,0.4898,0.0867,0.7661,124,0.8694,0.2733,0.3871,0.2091,0.0126
falkenberg,alla,akut,mobil,147,90,0.3878,0.1111,0.7639,72,0.8468,0.3111,0.3472,0.2072,0.0180
falkenberg,alla,akut,dator,147,60,0.5918,0.0500,0.7692,52,0.8919,0.2167,0.4423,0.2114,0.0057
falkenberg,mäklare,alla,alla,30,21,0.3000,0.0952,0.9048,21,0.9333,0.0952,0.7143,0.1014,0.0000
falkenberg,mäklare,alla,mobil,15,12,0.2000,0.0000,1.0000,12,1.0000,0.0000,0.8333,0.0789,0.0000
falkenberg,mäklare,alla,dator,15,9,0.4000,0.2222,0.7778,9,0.8667,0.2222,0.5556,0.1290,0.0000
falkenberg,mäklare,ort,alla,6,4,0.3333,0.2500,0.7500,4,0.8333,0.2500,0.7500,0.1000,0.0000
falkenberg,mäklare,ort,mobil,3,3,0.0000,0.0000,1.0000,3,1.0000,0.0000,1.0000,0.0000,0.0000
falkenberg,mäklare,ort,dator,3,1,0.6667,1.0000,0.0000,1,0.6667,1.0000,0.0000,0.2500,0.0000
falkenberg,mäklare,i_ort,alla,6,5,0.1667,0.2000,0.8000,5,0.8333,0.2000,0.0000,0.0526,0.0000
falkenberg,mäklare,i_ort,mobil,3,2,0.3333,0.0000,1.0000,2,1.0000,0.0000,0.0000,0.1250,0.0000
falkenberg,mäklare,i_ort,dator,3,3,0.0000,0.3333,0.6667,3,0.6667,0.3333,0.0000,0.0000,0.0000
falkenberg,mäklare,basta,alla,6,6,0.0000,0.0000,1.0000,6,1.0000,0.0000,1.0000,0.2083,0.0000
falkenberg,mäklare,basta,mobil,3,3,0.0000,0.0000,1.0000,3,1.0000,0.0000,1.0000,0.1667,0.0000
falkenberg,mäklare,basta,dator,3,3,0.0000,0.0000,1.0000,3,1.0000,0.0000,1.0000,0.2500,0.0000
falkenberg,mäklare,nara_mig,alla,6,3,0.5000,0.0000,1.0000,3,1.0000,0.0000,1.0000,0.0000,0.0000
falkenberg,mäklare,nara_mig,mobil,3,1,0.6667,0.0000,1.0000,1,1.0000,0.0000,1.0000,0.0000,0.0000
falkenberg,mäklare,nara_mig,dator,3,2,0.3333,0.0000,1.0000,2,1.0000,0.0000,1.0000,0.0000,0.0000
falkenberg,mäklare,akut,alla,6,3,0.5000,0.0000,1.0000,3,1.0000,0.0000,1.0000,0.0000,0.0000
falkenberg,mäklare,akut,mobil,3,3,0.0000,0.0000,1.0000,3,1.0000,0.0000,1.0000,0.0000,0.0000
falkenberg,mäklare,akut,dator,3,0,1.0000,,,0,1.0000,,,,
falkenberg,elektriker,alla,alla,30,20,0.3333,0.0000,1.0000,20,1.0000,0.0500,0.9500,0.3833,0.0000
falkenberg,elektriker,alla,mobil,15,9,0.4000,0.0000,1.0000,9,1.0000,0.0000,1.0000,0.3448,0.0000
falkenberg,elektriker,alla,dator,15,11,0.2667,0.0000,1.0000,11,1.0000,0.0909,0.9091,0.4194,0.0000
falkenberg,elektriker,ort,alla,6,3,0.5000,0.0000,1.0000,3,1.0000,0.0000,1.0000,0.2222,0.0000
falkenberg,elektriker,ort,mobil,3,2,0.3333,0.0000,1.0000,2,1.0000,0.0000,1.0000,0.2000,0.0000
falkenberg,elektriker,ort,dator,3,1,0.6667,0.0000,1.0000,1,1.0000,0.0000,1.0000,0.2500,0.0000
falkenberg,elektriker,i_ort,alla,6,5,0.1667,0.0000,1.0000,5,1.0000,0.0000,1.0000,0.3333,0.0000
falkenberg,elektriker,i_ort,mobil,3,2,0.3333,0.0000,1.0000,2,1.0000,0.0000,1.0000,0.2857,0.0000
falkenberg,elektriker,i_ort,dator,3,3,0.0000,0.0000,1.0000,3,1.0000,0.0000,1.0000,0.3750,0.0000
falkenberg,elektriker,basta,alla,6,4,0.3333,0.0000,1.0000,4,1.0000,0.0000,1.0000,0.2500,0.0000
falkenberg,elektriker,basta,mobil,3,2,0.3333,0.0000,1.0000,2,1.0000,0.0000,1.0000,0.2500,0.0000
falkenberg,elektriker,basta,dator,3,2,0.3333,0.0000,1.0000,2,1.0000,0.0000,1.0000,0.2500,0.0000
falkenberg,elektriker,nara_mig,alla,6,2,0.6667,0.0000,1.0000,2,1.0000,0.5000,0.5000,0.3333,0.0000
falkenberg,elektriker,nara_mig,mobil,3,0,1.0000,,,0,1.0000,,,,
falkenberg,elektriker,nara_mig,dator,3,2,0.3333,0.0000,1.0000,2,1.0000,0.5000,0.5000,0.3333,0.0000
falkenberg,elektriker,akut,alla,6,6,0.0000,0.0000,1.0000,6,1.0000,0.0000,1.0000,0.7143,0.0000
falkenberg,elektriker,akut,mobil,3,3,0.0000,0.0000,1.0000,3,1.0000,0.0000,1.0000,0.5556,0.0000
falkenberg,elektriker,akut,dator,3,3,0.0000,0.0000,1.0000,3,1.0000,0.0000,1.0000,1.0000,0.0000
falkenberg,rörmokare,alla,alla,30,21,0.3000,0.0000,1.0000,21,1.0000,0.0000,0.9524,0.2982,0.0000
falkenberg,rörmokare,alla,mobil,15,11,0.2667,0.0000,1.0000,11,1.0000,0.0000,0.9091,0.3571,0.0000
falkenberg,rörmokare,alla,dator,15,10,0.3333,0.0000,1.0000,10,1.0000,0.0000,1.0000,0.2414,0.0000
falkenberg,rörmokare,ort,alla,6,3,0.5000,0.0000,1.0000,3,1.0000,0.0000,1.0000,0.3333,0.0000
falkenberg,rörmokare,ort,mobil,3,2,0.3333,0.0000,1.0000,2,1.0000,0.0000,1.0000,0.3333,0.0000
falkenberg,rörmokare,ort,dator,3,1,0.6667,0.0000,1.0000,1,1.0000,0.0000,1.0000,0.3333,0.0000
falkenberg,rörmokare,i_ort,alla,6,5,0.1667,0.0000,1.0000,5,1.0000,0.0000,1.0000,0.2500,0.0000
falkenberg,rörmokare,i_ort,mobil,3,2,0.3333,0.0000,1.0000,2,1.0000,0.0000,1.0000,0.4000,0.0000
falkenberg,rörmokare,i_ort,dator,3,3,0.0000,0.0000,1.0000,3,1.0000,0.0000,1.0000,0.1818,0.0000
falkenberg,rörmokare,basta,alla,6,5,0.1667,0.0000,1.0000,5,1.0000,0.0000,0.8000,0.2143,0.0000
falkenberg,rörmokare,basta,mobil,3,3,0.0000,0.0000,1.0000,3,1.0000,0.0000,0.6667,0.2222,0.0000
falkenberg,rörmokare,basta,dator,3,2,0.3333,0.0000,1.0000,2,1.0000,0.0000,1.0000,0.2000,0.0000
falkenberg,rörmokare,nara_mig,alla,6,2,0.6667,0.0000,1.0000,2,1.0000,0.0000,1.0000,0.2500,0.0000
falkenberg,rörmokare,nara_mig,mobil,3,1,0.6667,0.0000,1.0000,1,1.0000,0.0000,1.0000,1.0000,0.0000
falkenberg,rörmokare,nara_mig,dator,3,1,0.6667,0.0000,1.0000,1,1.0000,0.0000,1.0000,0.0000,0.0000
falkenberg,rörmokare,akut,alla,6,6,0.0000,0.0000,1.0000,6,1.0000,0.0000,1.0000,0.4286,0.0000
falkenberg,rörmokare,akut,mobil,3,3,0.0000,0.0000,1.0000,3,1.0000,0.0000,1.0000,0.4286,0.0000
falkenberg,rörmokare,akut,dator,3,3,0.0000,0.0000,1.0000,3,1.0000,0.0000,1.0000,0.4286,0.0000
falkenberg,bilverkstad,alla,alla,30,8,0.7333,0.1250,0.8750,8,0.9667,0.2500,0.7500,0.3158,0.1053
falkenberg,bilverkstad,alla,mobil,15,5,0.6667,0.2000,0.8000,5,0.9333,0.2000,0.8000,0.5556,0.2222
falkenberg,bilverkstad,alla,dator,15,3,0.8000,0.0000,1.0000,3,1.0000,0.3333,0.6667,0.1000,0.0000
falkenberg,bilverkstad,ort,alla,6,0,1.0000,,,0,1.0000,,,,
falkenberg,bilverkstad,ort,mobil,3,0,1.0000,,,0,1.0000,,,,
falkenberg,bilverkstad,ort,dator,3,0,1.0000,,,0,1.0000,,,,
falkenberg,bilverkstad,i_ort,alla,6,1,0.8333,0.0000,1.0000,1,1.0000,0.0000,1.0000,0.0000,1.0000
falkenberg,bilverkstad,i_ort,mobil,3,1,0.6667,0.0000,1.0000,1,1.0000,0.0000,1.0000,0.0000,1.0000
falkenberg,bilverkstad,i_ort,dator,3,0,1.0000,,,0,1.0000,,,,
falkenberg,bilverkstad,basta,alla,6,2,0.6667,0.0000,1.0000,2,1.0000,0.5000,0.5000,0.4286,0.1429
falkenberg,bilverkstad,basta,mobil,3,1,0.6667,0.0000,1.0000,1,1.0000,0.0000,1.0000,0.5000,0.2500
falkenberg,bilverkstad,basta,dator,3,1,0.6667,0.0000,1.0000,1,1.0000,1.0000,0.0000,0.3333,0.0000
falkenberg,bilverkstad,nara_mig,alla,6,3,0.5000,0.3333,0.6667,3,0.8333,0.3333,0.6667,0.0000,0.0000
falkenberg,bilverkstad,nara_mig,mobil,3,1,0.6667,1.0000,0.0000,1,0.6667,1.0000,0.0000,0.0000,0.0000
falkenberg,bilverkstad,nara_mig,dator,3,2,0.3333,0.0000,1.0000,2,1.0000,0.0000,1.0000,0.0000,0.0000
falkenberg,bilverkstad,akut,alla,6,2,0.6667,0.0000,1.0000,2,1.0000,0.0000,1.0000,1.0000,0.0000
falkenberg,bilverkstad,akut,mobil,3,2,0.3333,0.0000,1.0000,2,1.0000,0.0000,1.0000,1.0000,0.0000
falkenberg,bilverkstad,akut,dator,3,0,1.0000,,,0,1.0000,,,,
falkenberg,tryckeri,alla,alla,30,2,0.9333,0.0000,1.0000,2,1.0000,0.0000,1.0000,0.1250,0.0000
falkenberg,tryckeri,alla,mobil,15,0,1.0000,,,0,1.0000,,,,
falkenberg,tryckeri,alla,dator,15,2,0.8667,0.0000,1.0000,2,1.0000,0.0000,1.0000,0.1250,0.0000
falkenberg,tryckeri,ort,alla,6,0,1.0000,,,0,1.0000,,,,
falkenberg,tryckeri,ort,mobil,3,0,1.0000,,,0,1.0000,,,,
falkenberg,tryckeri,ort,dator,3,0,1.0000,,,0,1.0000,,,,
falkenberg,tryckeri,i_ort,alla,6,0,1.0000,,,0,1.0000,,,,
falkenberg,tryckeri,i_ort,mobil,3,0,1.0000,,,0,1.0000,,,,
falkenberg,tryckeri,i_ort,dator,3,0,1.0000,,,0,1.0000,,,,
falkenberg,tryckeri,basta,alla,6,0,1.0000,,,0,1.0000,,,,
falkenberg,tryckeri,basta,mobil,3,0,1.0000,,,0,1.0000,,,,
falkenberg,tryckeri,basta,dator,3,0,1.0000,,,0,1.0000,,,,
falkenberg,tryckeri,nara_mig,alla,6,0,1.0000,,,0,1.0000,,,,
falkenberg,tryckeri,nara_mig,mobil,3,0,1.0000,,,0,1.0000,,,,
falkenberg,tryckeri,nara_mig,dator,3,0,1.0000,,,0,1.0000,,,,
falkenberg,tryckeri,akut,alla,6,2,0.6667,0.0000,1.0000,2,1.0000,0.0000,1.0000,0.1250,0.0000
falkenberg,tryckeri,akut,mobil,3,0,1.0000,,,0,1.0000,,,,
falkenberg,tryckeri,akut,dator,3,2,0.3333,0.0000,1.0000,2,1.0000,0.0000,1.0000,0.1250,0.0000
falkenberg,visitkort,alla,alla,30,25,0.1667,0.0000,,0,,0.0000,,0.3871,0.0000
falkenberg,visitkort,alla,mobil,15,13,0.1333,0.0000,,0,,0.0000,,0.4615,0.0000
falkenberg,visitkort,alla,dator,15,12,0.2000,0.0000,,0,,0.0000,,0.3333,0.0000
falkenberg,visitkort,ort,alla,6,4,0.3333,0.0000,,0,,0.0000,,0.5000,0.0000
falkenberg,visitkort,ort,mobil,3,2,0.3333,0.0000,,0,,0.0000,,0.5000,0.0000
falkenberg,visitkort,ort,dator,3,2,0.3333,0.0000,,0,,0.0000,,0.5000,0.0000
falkenberg,visitkort,i_ort,alla,6,6,0.0000,0.0000,,0,,0.0000,,0.4000,0.0000
falkenberg,visitkort,i_ort,mobil,3,3,0.0000,0.0000,,0,,0.0000,,0.5000,0.0000
falkenberg,visitkort,i_ort,dator,3,3,0.0000,0.0000,,0,,0.0000,,0.3333,0.0000
falkenberg,visitkort,basta,alla,6,5,0.1667,0.0000,,0,,0.0000,,0.3333,0.0000
falkenberg,visitkort,basta,mobil,3,2,0.3333,0.0000,,0,,0.0000,,0.5000,0.0000
falkenberg,visitkort,basta,dator,3,3,0.0000,0.0000,,0,,0.0000,,0.2727,0.0000
falkenberg,visitkort,nara_mig,alla,6,5,0.1667,0.0000,,0,,0.0000,,0.3846,0.0000
falkenberg,visitkort,nara_mig,mobil,3,3,0.0000,0.0000,,0,,0.0000,,0.3750,0.0000
falkenberg,visitkort,nara_mig,dator,3,2,0.3333,0.0000,,0,,0.0000,,0.4000,0.0000
falkenberg,visitkort,akut,alla,6,5,0.1667,0.0000,,0,,0.0000,,0.3636,0.0000
falkenberg,visitkort,akut,mobil,3,3,0.0000,0.0000,,0,,0.0000,,0.5000,0.0000
falkenberg,visitkort,akut,dator,3,2,0.3333,0.0000,,0,,0.0000,,0.2857,0.0000
falkenberg,målare,alla,alla,30,21,0.3000,0.0000,1.0000,21,1.0000,0.0000,0.5714,0.3750,0.0000
falkenberg,målare,alla,mobil,15,10,0.3333,0.0000,1.0000,10,1.0000,0.0000,0.7000,0.5455,0.0000
falkenberg,målare,alla,dator,15,11,0.2667,0.0000,1.0000,11,1.0000,0.0000,0.4545,0.2647,0.0000
falkenberg,målare,ort,alla,6,3,0.5000,0.0000,1.0000,3,1.0000,0.0000,0.6667,0.5000,0.0000
falkenberg,målare,ort,mobil,3,2,0.3333,0.0000,1.0000,2,1.0000,0.0000,1.0000,0.6667,0.0000
falkenberg,målare,ort,dator,3,1,0.6667,0.0000,1.0000,1,1.0000,0.0000,0.0000,0.3333,0.0000
falkenberg,målare,i_ort,alla,6,6,0.0000,0.0000,1.0000,6,1.0000,0.0000,0.5000,0.5000,0.0000
falkenberg,målare,i_ort,mobil,3,3,0.0000,0.0000,1.0000,3,1.0000,0.0000,0.6667,0.6250,0.0000
falkenberg,målare,i_ort,dator,3,3,0.0000,0.0000,1.0000,3,1.0000,0.0000,0.3333,0.3750,0.0000
falkenberg,målare,basta,alla,6,5,0.1667,0.0000,1.0000,5,1.0000,0.0000,0.6000,0.3636,0.0000
falkenberg,målare,basta,mobil,3,3,0.0000,0.0000,1.0000,3,1.0000,0.0000,0.6667,0.4000,0.0000
falkenberg,målare,basta,dator,3,2,0.3333,0.0000,1.0000,2,1.0000,0.0000,0.5000,0.3333,0.0000
falkenberg,målare,nara_mig,alla,6,2,0.6667,0.0000,1.0000,2,1.0000,0.0000,1.0000,0.0000,0.0000
falkenberg,målare,nara_mig,mobil,3,0,1.0000,,,0,1.0000,,,,
falkenberg,målare,nara_mig,dator,3,2,0.3333,0.0000,1.0000,2,1.0000,0.0000,1.0000,0.0000,0.0000
falkenberg,målare,akut,alla,6,5,0.1667,0.0000,1.0000,5,1.0000,0.0000,0.4000,0.3529,0.0000
falkenberg,målare,akut,mobil,3,2,0.3333,0.0000,1.0000,2,1.0000,0.0000,0.5000,0.5000,0.0000
falkenberg,målare,akut,dator,3,3,0.0000,0.0000,1.0000,3,1.0000,0.0000,0.3333,0.2727,0.0000
falkenberg,snickare,alla,alla,30,19,0.3667,0.4211,0.4737,19,0.6667,0.5263,0.1579,0.1515,0.0000
falkenberg,snickare,alla,mobil,15,11,0.2667,0.7273,0.0909,11,0.3333,0.7273,0.0909,0.1892,0.0000
falkenberg,snickare,alla,dator,15,8,0.4667,0.0000,1.0000,8,1.0000,0.2500,0.2500,0.1034,0.0000
falkenberg,snickare,ort,alla,6,2,0.6667,0.5000,0.5000,2,0.8333,0.5000,0.0000,0.0000,0.0000
falkenberg,snickare,ort,mobil,3,1,0.6667,1.0000,0.0000,1,0.6667,1.0000,0.0000,0.0000,0.0000
falkenberg,snickare,ort,dator,3,1,0.6667,0.0000,1.0000,1,1.0000,0.0000,0.0000,0.0000,0.0000
falkenberg,snickare,i_ort,alla,6,5,0.1667,0.4000,0.4000,5,0.5000,0.6000,0.2000,0.2222,0.0000
falkenberg,snickare,i_ort,mobil,3,3,0.0000,0.6667,0.0000,3,0.0000,0.6667,0.0000,0.2500,0.0000
falkenberg,snickare,i_ort,dator,3,2,0.3333,0.0000,1.0000,2,1.0000,0.5000,0.5000,0.1667,0.0000
falkenberg,snickare,basta,alla,6,5,0.1667,0.2000,0.6000,5,0.6667,0.4000,0.2000,0.1765,0.0000
falkenberg,snickare,basta,mobil,3,3,0.0000,0.3333,0.3333,3,0.3333,0.3333,0.3333,0.3000,0.0000
falkenberg,snickare,basta,dator,3,2,0.3333,0.0000,1.0000,2,1.0000,0.5000,0.0000,0.0000,0.0000
falkenberg,snickare,nara_mig,alla,6,2,0.6667,0.5000,0.5000,2,0.8333,0.5000,0.0000,0.1429,0.0000
falkenberg,snickare,nara_mig,mobil,3,1,0.6667,1.0000,0.0000,1,0.6667,1.0000,0.0000,0.3333,0.0000
falkenberg,snickare,nara_mig,dator,3,1,0.6667,0.0000,1.0000,1,1.0000,0.0000,0.0000,0.0000,0.0000
falkenberg,snickare,akut,alla,6,5,0.1667,0.6000,0.4000,5,0.5000,0.6000,0.2000,0.1111,0.0000
falkenberg,snickare,akut,mobil,3,3,0.0000,1.0000,0.0000,3,0.0000,1.0000,0.0000,0.0000,0.0000
falkenberg,snickare,akut,dator,3,2,0.3333,0.0000,1.0000,2,1.0000,0.0000,0.5000,0.2500,0.0000
falkenberg,tandläkare,alla,alla,30,20,0.3333,0.1500,0.4500,20,0.6333,0.5500,0.2000,0.0000,0.0000
falkenberg,tandläkare,alla,mobil,15,13,0.1333,0.0769,0.3077,13,0.4000,0.6154,0.1538,0.0000,0.0000
falkenberg,tandläkare,alla,dator,15,7,0.5333,0.2857,0.7143,7,0.8667,0.4286,0.2857,0.0000,0.0000
falkenberg,tandläkare,ort,alla,6,4,0.3333,0.2500,0.2500,4,0.5000,0.5000,0.2500,0.0000,0.0000
falkenberg,tandläkare,ort,mobil,3,3,0.0000,0.0000,0.3333,3,0.3333,0.3333,0.3333,0.0000,0.0000
falkenberg,tandläkare,ort,dator,3,1,0.6667,1.0000,0.0000,1,0.6667,1.0000,0.0000,0.0000,0.0000
falkenberg,tandläkare,i_ort,alla,6,4,0.3333,0.0000,0.7500,4,0.8333,0.5000,0.2500,0.0000,0.0000
falkenberg,tandläkare,i_ort,mobil,3,3,0.0000,0.0000,0.6667,3,0.6667,0.6667,0.3333,0.0000,0.0000
falkenberg,tandläkare,i_ort,dator,3,1,0.6667,0.0000,1.0000,1,1.0000,0.0000,0.0000,0.0000,0.0000
falkenberg,tandläkare,basta,alla,6,3,0.5000,0.0000,0.3333,3,0.6667,0.6667,0.0000,0.0000,0.0000
falkenberg,tandläkare,basta,mobil,3,3,0.0000,0.0000,0.3333,3,0.3333,0.6667,0.0000,0.0000,0.0000
falkenberg,tandläkare,basta,dator,3,0,1.0000,,,0,1.0000,,,,
falkenberg,tandläkare,nara_mig,alla,6,4,0.3333,0.0000,0.7500,4,0.8333,0.2500,0.5000,0.0000,0.0000
falkenberg,tandläkare,nara_mig,mobil,3,1,0.6667,0.0000,0.0000,1,0.6667,1.0000,0.0000,0.0000,0.0000
falkenberg,tandläkare,nara_mig,dator,3,3,0.0000,0.0000,1.0000,3,1.0000,0.0000,0.6667,0.0000,0.0000
falkenberg,tandläkare,akut,alla,6,5,0.1667,0.4000,0.2000,5,0.3333,0.8000,0.0000,0.0000,0.0000
falkenberg,tandläkare,akut,mobil,3,3,0.0000,0.3333,0.0000,3,0.0000,0.6667,0.0000,0.0000,0.0000
falkenberg,tandläkare,akut,dator,3,2,0.3333,0.5000,0.5000,2,0.6667,1.0000,0.0000,0.0000,0.0000
falkenberg,frisör,alla,alla,30,2,0.9333,0.0000,1.0000,2,1.0000,0.0000,1.0000,0.0000,0.0000
falkenberg,frisör,alla,mobil,15,0,1.0000,,,0,1.0000,,,,
falkenberg,frisör,alla,dator,15,2,0.8667,0.0000,1.0000,2,1.0000,0.0000,1.0000,0.0000,0.0000
falkenberg,frisör,ort,alla,6,0,1.0000,,,0,1.0000,,,,
falkenberg,frisör,ort,mobil,3,0,1.0000,,,0,1.0000,,,,
falkenberg,frisör,ort,dator,3,0,1.0000,,,0,1.0000,,,,
falkenberg,frisör,i_ort,alla,6,0,1.0000,,,0,1.0000,,,,
falkenberg,frisör,i_ort,mobil,3,0,1.0000,,,0,1.0000,,,,
falkenberg,frisör,i_ort,dator,3,0,1.0000,,,0,1.0000,,,,
falkenberg,frisör,basta,alla,6,0,1.0000,,,0,1.0000,,,,
falkenberg,frisör,basta,mobil,3,0,1.0000,,,0,1.0000,,,,
falkenberg,frisör,basta,dator,3,0,1.0000,,,0,1.0000,,,,
falkenberg,frisör,nara_mig,alla,6,1,0.8333,0.0000,1.0000,1,1.0000,0.0000,1.0000,0.0000,0.0000
falkenberg,frisör,nara_mig,mobil,3,0,1.0000,,,0,1.0000,,,,
falkenberg,frisör,nara_mig,dator,3,1,0.6667,0.0000,1.0000,1,1.0000,0.0000,1.0000,0.0000,0.0000
falkenberg,frisör,akut,alla,6,1,0.8333,0.0000,1.0000,1,1.0000,0.0000,1.0000,0.0000,0.0000
falkenberg,frisör,akut,mobil,3,0,1.0000,,,0,1.0000,,,,
falkenberg,frisör,akut,dator,3,1,0.6667,0.0000,1.0000,1,1.0000,0.0000,1.0000,0.0000,0.0000
falkenberg,städfirma,alla,alla,30,21,0.3000,0.0000,0.7143,21,0.8000,0.0000,0.6667,0.7083,0.0000
falkenberg,städfirma,alla,mobil,15,7,0.5333,0.0000,0.5714,7,0.8000,0.0000,0.5714,0.6667,0.0000
falkenberg,städfirma,alla,dator,15,14,0.0667,0.0000,0.7857,14,0.8000,0.0000,0.7143,0.7273,0.0000
falkenberg,städfirma,ort,alla,6,3,0.5000,0.0000,0.6667,3,0.8333,0.0000,0.6667,0.7778,0.0000
falkenberg,städfirma,ort,mobil,3,0,1.0000,,,0,1.0000,,,,
falkenberg,städfirma,ort,dator,3,3,0.0000,0.0000,0.6667,3,0.6667,0.0000,0.6667,0.7778,0.0000
falkenberg,städfirma,i_ort,alla,6,4,0.3333,0.0000,0.7500,4,0.8333,0.0000,0.7500,0.8571,0.0000
falkenberg,städfirma,i_ort,mobil,3,1,0.6667,0.0000,1.0000,1,1.0000,0.0000,1.0000,1.0000,0.0000
falkenberg,städfirma,i_ort,dator,3,3,0.0000,0.0000,0.6667,3,0.6667,0.0000,0.6667,0.8333,0.0000
falkenberg,städfirma,basta,alla,6,6,0.0000,0.0000,0.8333,6,0.8333,0.0000,0.8333,0.8000,0.0000
falkenberg,städfirma,basta,mobil,3,3,0.0000,0.0000,0.6667,3,0.6667,0.0000,0.6667,0.8571,0.0000
falkenberg,städfirma,basta,dator,3,3,0.0000,0.0000,1.0000,3,1.0000,0.0000,1.0000,0.7500,0.0000
falkenberg,städfirma,nara_mig,alla,6,3,0.5000,0.0000,1.0000,3,1.0000,0.0000,0.6667,0.8000,0.0000
falkenberg,städfirma,nara_mig,mobil,3,1,0.6667,0.0000,1.0000,1,1.0000,0.0000,1.0000,1.0000,0.0000
falkenberg,städfirma,nara_mig,dator,3,2,0.3333,0.0000,1.0000,2,1.0000,0.0000,0.5000,0.7500,0.0000
falkenberg,städfirma,akut,alla,6,5,0.1667,0.0000,0.4000,5,0.5000,0.0000,0.4000,0.4167,0.0000
falkenberg,städfirma,akut,mobil,3,2,0.3333,0.0000,0.0000,2,0.3333,0.0000,0.0000,0.3333,0.0000
falkenberg,städfirma,akut,dator,3,3,0.0000,0.0000,0.6667,3,0.6667,0.0000,0.6667,0.5000,0.0000
falkenberg,flyttfirma,alla,alla,30,21,0.3000,0.0476,0.8571,21,0.9000,0.0476,0.8571,0.1467,0.0000
falkenberg,flyttfirma,alla,mobil,15,7,0.5333,0.1429,0.7143,7,0.8667,0.1429,0.7143,0.0909,0.0000
falkenberg,flyttfirma,alla,dator,15,14,0.0667,0.0000,0.9286,14,0.9333,0.0000,0.9286,0.1698,0.0000
falkenberg,flyttfirma,ort,alla,6,3,0.5000,0.0000,0.6667,3,0.8333,0.0000,0.6667,0.0909,0.0000
falkenberg,flyttfirma,ort,mobil,3,1,0.6667,0.0000,1.0000,1,1.0000,0.0000,1.0000,0.0000,0.0000
falkenberg,flyttfirma,ort,dator,3,2,0.3333,0.0000,0.5000,2,0.6667,0.0000,0.5000,0.1250,0.0000
falkenberg,flyttfirma,i_ort,alla,6,3,0.5000,0.0000,1.0000,3,1.0000,0.0000,1.0000,0.1818,0.0000
falkenberg,flyttfirma,i_ort,mobil,3,0,1.0000,,,0,1.0000,,,,
falkenberg,flyttfirma,i_ort,dator,3,3,0.0000,0.0000,1.0000,3,1.0000,0.0000,1.0000,0.1818,0.0000
falkenberg,flyttfirma,basta,alla,6,6,0.0000,0.0000,1.0000,6,1.0000,0.0000,1.0000,0.0500,0.0000
falkenberg,flyttfirma,basta,mobil,3,3,0.0000,0.0000,1.0000,3,1.0000,0.0000,1.0000,0.0000,0.0000
falkenberg,flyttfirma,basta,dator,3,3,0.0000,0.0000,1.0000,3,1.0000,0.0000,1.0000,0.0909,0.0000
falkenberg,flyttfirma,nara_mig,alla,6,4,0.3333,0.0000,1.0000,4,1.0000,0.0000,1.0000,0.2000,0.0000
falkenberg,flyttfirma,nara_mig,mobil,3,1,0.6667,0.0000,1.0000,1,1.0000,0.0000,1.0000,0.2500,0.0000
falkenberg,flyttfirma,nara_mig,dator,3,3,0.0000,0.0000,1.0000,3,1.0000,0.0000,1.0000,0.1818,0.0000
falkenberg,flyttfirma,akut,alla,6,5,0.1667,0.2000,0.6000,5,0.6667,0.2000,0.6000,0.2222,0.0000
falkenberg,flyttfirma,akut,mobil,3,2,0.3333,0.5000,0.0000,2,0.3333,0.5000,0.0000,0.1667,0.0000
falkenberg,flyttfirma,akut,dator,3,3,0.0000,0.0000,1.0000,3,1.0000,0.0000,1.0000,0.2500,0.0000
falkenberg,takläggare,alla,alla,30,23,0.2333,0.1739,0.6087,23,0.7000,0.1739,0.6087,0.1111,0.0000
falkenberg,takläggare,alla,mobil,15,12,0.2000,0.2500,0.3333,12,0.4667,0.2500,0.3333,0.0556,0.0000
falkenberg,takläggare,alla,dator,15,11,0.2667,0.0909,0.9091,11,0.9333,0.0909,0.9091,0.1667,0.0000
falkenberg,takläggare,ort,alla,6,4,0.3333,0.2500,0.5000,4,0.6667,0.2500,0.5000,0.2308,0.0000
falkenberg,takläggare,ort,mobil,3,2,0.3333,0.5000,0.0000,2,0.3333,0.5000,0.0000,0.1667,0.0000
falkenberg,takläggare,ort,dator,3,2,0.3333,0.0000,1.0000,2,1.0000,0.0000,1.0000,0.2857,0.0000
falkenberg,takläggare,i_ort,alla,6,6,0.0000,0.3333,0.5000,6,0.5000,0.3333,0.5000,0.1250,0.0000
falkenberg,takläggare,i_ort,mobil,3,3,0.0000,0.3333,0.3333,3,0.3333,0.3333,0.3333,0.1111,0.0000
falkenberg,takläggare,i_ort,dator,3,3,0.0000,0.3333,0.6667,3,0.6667,0.3333,0.6667,0.1429,0.0000
falkenberg,takläggare,basta,alla,6,5,0.1667,0.2000,0.6000,5,0.6667,0.2000,0.6000,0.1667,0.0000
falkenberg,takläggare,basta,mobil,3,3,0.0000,0.3333,0.3333,3,0.3333,0.3333,0.3333,0.0000,0.0000
falkenberg,takläggare,basta,dator,3,2,0.3333,0.0000,1.0000,2,1.0000,0.0000,1.0000,0.4286,0.0000
falkenberg,takläggare,nara_mig,alla,6,5,0.1667,0.0000,0.8000,5,0.8333,0.0000,0.8000,0.0000,0.0000
falkenberg,takläggare,nara_mig,mobil,3,2,0.3333,0.0000,0.5000,2,0.6667,0.0000,0.5000,0.0000,0.0000
falkenberg,takläggare,nara_mig,dator,3,3,0.0000,0.0000,1.0000,3,1.0000,0.0000,1.0000,0.0000,0.0000
falkenberg,takläggare,akut,alla,6,3,0.5000,0.0000,0.6667,3,0.8333,0.0000,0.6667,0.0000,0.0000
falkenberg,takläggare,akut,mobil,3,2,0.3333,0.0000,0.5000,2,0.6667,0.0000,0.5000,0.0000,0.0000
falkenberg,takläggare,akut,dator,3,1,0.6667,0.0000,1.0000,1,1.0000,0.0000,1.0000,0.0000,0.0000
falkenberg,plattsättare,alla,alla,30,8,0.7333,0.2500,0.7500,8,0.9333,0.2500,0.7500,0.0455,0.0000
falkenberg,plattsättare,alla,mobil,15,3,0.8000,0.3333,0.6667,3,0.9333,0.3333,0.6667,0.0000,0.0000
falkenberg,plattsättare,alla,dator,15,5,0.6667,0.2000,0.8000,5,0.9333,0.2000,0.8000,0.0588,0.0000
falkenberg,plattsättare,ort,alla,6,1,0.8333,1.0000,0.0000,1,0.8333,1.0000,0.0000,0.0000,0.0000
falkenberg,plattsättare,ort,mobil,3,0,1.0000,,,0,1.0000,,,,
falkenberg,plattsättare,ort,dator,3,1,0.6667,1.0000,0.0000,1,0.6667,1.0000,0.0000,0.0000,0.0000
falkenberg,plattsättare,i_ort,alla,6,3,0.5000,0.3333,0.6667,3,0.8333,0.3333,0.6667,0.1000,0.0000
falkenberg,plattsättare,i_ort,mobil,3,1,0.6667,1.0000,0.0000,1,0.6667,1.0000,0.0000,0.0000,0.0000
falkenberg,plattsättare,i_ort,dator,3,2,0.3333,0.0000,1.0000,2,1.0000,0.0000,1.0000,0.1250,0.0000
falkenberg,plattsättare,basta,alla,6,1,0.8333,0.0000,1.0000,1,1.0000,0.0000,1.0000,0.0000,0.0000
falkenberg,plattsättare,basta,mobil,3,0,1.0000,,,0,1.0000,,,,
falkenberg,plattsättare,basta,dator,3,1,0.6667,0.0000,1.0000,1,1.0000,0.0000,1.0000,0.0000,0.0000
falkenberg,plattsättare,nara_mig,alla,6,2,0.6667,0.0000,1.0000,2,1.0000,0.0000,1.0000,0.0000,0.0000
falkenberg,plattsättare,nara_mig,mobil,3,1,0.6667,0.0000,1.0000,1,1.0000,0.0000,1.0000,0.0000,0.0000
falkenberg,plattsättare,nara_mig,dator,3,1,0.6667,0.0000,1.0000,1,1.0000,0.0000,1.0000,0.0000,0.0000
falkenberg,plattsättare,akut,alla,6,1,0.8333,0.0000,1.0000,1,1.0000,0.0000,1.0000,0.0000,0.0000
falkenberg,plattsättare,akut,mobil,3,1,0.6667,0.0000,1.0000,1,1.0000,0.0000,1.0000,0.0000,0.0000
falkenberg,plattsättare,akut,dator,3,0,1.0000,,,0,1.0000,,,,
falkenberg,bilglas,alla,alla,30,27,0.1000,0.0000,1.0000,27,1.0000,1.0000,0.0000,0.0000,0.0179
falkenberg,bilglas,alla,mobil,15,13,0.1333,0.0000,1.0000,13,1.0000,1.0000,0.0000,0.0000,0.0370
falkenberg,bilglas,alla,dator,15,14,0.0667,0.0000,1.0000,14,1.0000,1.0000,0.0000,0.0000,0.0000
falkenberg,bilglas,ort,alla,6,6,0.0000,0.0000,1.0000,6,1.0000,1.0000,0.0000,0.0000,0.0000
falkenberg,bilglas,ort,mobil,3,3,0.0000,0.0000,1.0000,3,1.0000,1.0000,0.0000,0.0000,0.0000
falkenberg,bilglas,ort,dator,3,3,0.0000,0.0000,1.0000,3,1.0000,1.0000,0.0000,0.0000,0.0000
falkenberg,bilglas,i_ort,alla,6,6,0.0000,0.0000,1.0000,6,1.0000,1.0000,0.0000,0.0000,0.0000
falkenberg,bilglas,i_ort,mobil,3,3,0.0000,0.0000,1.0000,3,1.0000,1.0000,0.0000,0.0000,0.0000
falkenberg,bilglas,i_ort,dator,3,3,0.0000,0.0000,1.0000,3,1.0000,1.0000,0.0000,0.0000,0.0000
falkenberg,bilglas,basta,alla,6,6,0.0000,0.0000,1.0000,6,1.0000,1.0000,0.0000,0.0000,0.0000
falkenberg,bilglas,basta,mobil,3,3,0.0000,0.0000,1.0000,3,1.0000,1.0000,0.0000,0.0000,0.0000
falkenberg,bilglas,basta,dator,3,3,0.0000,0.0000,1.0000,3,1.0000,1.0000,0.0000,0.0000,0.0000
falkenberg,bilglas,nara_mig,alla,6,5,0.1667,0.0000,1.0000,5,1.0000,1.0000,0.0000,0.0000,0.0000
falkenberg,bilglas,nara_mig,mobil,3,2,0.3333,0.0000,1.0000,2,1.0000,1.0000,0.0000,0.0000,0.0000
falkenberg,bilglas,nara_mig,dator,3,3,0.0000,0.0000,1.0000,3,1.0000,1.0000,0.0000,0.0000,0.0000
falkenberg,bilglas,akut,alla,6,4,0.3333,0.0000,1.0000,4,1.0000,1.0000,0.0000,0.0000,0.0909
falkenberg,bilglas,akut,mobil,3,2,0.3333,0.0000,1.0000,2,1.0000,1.0000,0.0000,0.0000,0.1667
falkenberg,bilglas,akut,dator,3,2,0.3333,0.0000,1.0000,2,1.0000,1.0000,0.0000,0.0000,0.0000
falkenberg,däckbyte,alla,alla,30,18,0.4000,0.0000,0.7222,18,0.8333,0.8333,0.0556,0.0789,0.0263
falkenberg,däckbyte,alla,mobil,15,8,0.4667,0.0000,0.3750,8,0.6667,0.6250,0.1250,0.0556,0.0556
falkenberg,däckbyte,alla,dator,15,10,0.3333,0.0000,1.0000,10,1.0000,1.0000,0.0000,0.1000,0.0000
falkenberg,däckbyte,ort,alla,6,4,0.3333,0.0000,0.7500,4,0.8333,1.0000,0.0000,0.0000,0.0000
falkenberg,däckbyte,ort,mobil,3,1,0.6667,0.0000,0.0000,1,0.6667,1.0000,0.0000,0.0000,0.0000
falkenberg,däckbyte,ort,dator,3,3,0.0000,0.0000,1.0000,3,1.0000,1.0000,0.0000,0.0000,0.0000
falkenberg,däckbyte,i_ort,alla,6,5,0.1667,0.0000,0.6000,5,0.6667,1.0000,0.0000,0.0909,0.0000
falkenberg,däckbyte,i_ort,mobil,3,2,0.3333,0.0000,0.0000,2,0.3333,1.0000,0.0000,0.0000,0.0000
falkenberg,däckbyte,i_ort,dator,3,3,0.0000,0.0000,1.0000,3,1.0000,1.0000,0.0000,0.1429,0.0000
falkenberg,däckbyte,basta,alla,6,5,0.1667,0.0000,0.8000,5,0.8333,1.0000,0.0000,0.0000,0.0000
falkenberg,däckbyte,basta,mobil,3,2,0.3333,0.0000,0.5000,2,0.6667,1.0000,0.0000,0.0000,0.0000
falkenberg,däckbyte,basta,dator,3,3,0.0000,0.0000,1.0000,3,1.0000,1.0000,0.0000,0.0000,0.0000
falkenberg,däckbyte,nara_mig,alla,6,2,0.6667,0.0000,1.0000,2,1.0000,0.0000,0.5000,0.0000,0.2500
falkenberg,däckbyte,nara_mig,mobil,3,2,0.3333,0.0000,1.0000,2,1.0000,0.0000,0.5000,0.0000,0.2500
falkenberg,däckbyte,nara_mig,dator,3,0,1.0000,,,0,1.0000,,,,
falkenberg,däckbyte,akut,alla,6,2,0.6667,0.0000,0.5000,2,0.8333,0.5000,0.0000,0.4000,0.0000
falkenberg,däckbyte,akut,mobil,3,1,0.6667,0.0000,0.0000,1,0.6667,0.0000,0.0000,0.3333,0.0000
falkenberg,däckbyte,akut,dator,3,1,0.6667,0.0000,1.0000,1,1.0000,1.0000,0.0000,0.5000,0.0000
falkenberg,begravningsbyrå,alla,alla,30,22,0.2667,0.0000,1.0000,22,1.0000,0.6818,0.1364,0.3061,0.0000
falkenberg,begravningsbyrå,alla,mobil,15,9,0.4000,0.0000,1.0000,9,1.0000,0.5556,0.2222,0.3333,0.0000
falkenberg,begravningsbyrå,alla,dator,15,13,0.1333,0.0000,1.0000,13,1.0000,0.7692,0.0769,0.2903,0.0000
falkenberg,begravningsbyrå,ort,alla,6,4,0.3333,0.0000,1.0000,4,1.0000,0.5000,0.0000,0.3636,0.0000
falkenberg,begravningsbyrå,ort,mobil,3,1,0.6667,0.0000,1.0000,1,1.0000,0.0000,0.0000,0.3333,0.0000
falkenberg,begravningsbyrå,ort,dator,3,3,0.0000,0.0000,1.0000,3,1.0000,0.6667,0.0000,0.3750,0.0000
falkenberg,begravningsbyrå,i_ort,alla,6,3,0.5000,0.0000,1.0000,3,1.0000,1.0000,0.0000,0.2222,0.0000
falkenberg,begravningsbyrå,i_ort,mobil,3,0,1.0000,,,0,1.0000,,,,
falkenberg,begravningsbyrå,i_ort,dator,3,3,0.0000,0.0000,1.0000,3,1.0000,1.0000,0.0000,0.2222,0.0000
falkenberg,begravningsbyrå,basta,alla,6,6,0.0000,0.0000,1.0000,6,1.0000,1.0000,0.0000,0.2308,0.0000
falkenberg,begravningsbyrå,basta,mobil,3,3,0.0000,0.0000,1.0000,3,1.0000,1.0000,0.0000,0.2857,0.0000
falkenberg,begravningsbyrå,basta,dator,3,3,0.0000,0.0000,1.0000,3,1.0000,1.0000,0.0000,0.1667,0.0000
falkenberg,begravningsbyrå,nara_mig,alla,6,4,0.3333,0.0000,1.0000,4,1.0000,0.7500,0.2500,0.2857,0.0000
falkenberg,begravningsbyrå,nara_mig,mobil,3,2,0.3333,0.0000,1.0000,2,1.0000,0.5000,0.5000,0.5000,0.0000
falkenberg,begravningsbyrå,nara_mig,dator,3,2,0.3333,0.0000,1.0000,2,1.0000,1.0000,0.0000,0.2000,0.0000
falkenberg,begravningsbyrå,akut,alla,6,5,0.1667,0.0000,1.0000,5,1.0000,0.2000,0.4000,0.4444,0.0000
falkenberg,begravningsbyrå,akut,mobil,3,3,0.0000,0.0000,1.0000,3,1.0000,0.3333,0.3333,0.3333,0.0000
falkenberg,begravningsbyrå,akut,dator,3,2,0.3333,0.0000,1.0000,2,1.0000,0.0000,0.5000,0.6667,0.0000
falkenberg,advokat,alla,alla,30,17,0.4333,0.1176,0.8235,17,0.9000,0.2353,0.3529,0.0000,0.0222
falkenberg,advokat,alla,mobil,15,12,0.2000,0.0000,1.0000,12,1.0000,0.1667,0.3333,0.0000,0.0000
falkenberg,advokat,alla,dator,15,5,0.6667,0.4000,0.4000,5,0.8000,0.4000,0.4000,0.0000,0.0833
falkenberg,advokat,ort,alla,6,2,0.6667,0.0000,1.0000,2,1.0000,0.5000,0.0000,0.0000,0.0000
falkenberg,advokat,ort,mobil,3,2,0.3333,0.0000,1.0000,2,1.0000,0.5000,0.0000,0.0000,0.0000
falkenberg,advokat,ort,dator,3,0,1.0000,,,0,1.0000,,,,
falkenberg,advokat,i_ort,alla,6,4,0.3333,0.2500,0.7500,4,0.8333,0.5000,0.0000,0.0000,0.0000
falkenberg,advokat,i_ort,mobil,3,3,0.0000,0.0000,1.0000,3,1.0000,0.3333,0.0000,0.0000,0.0000
falkenberg,advokat,i_ort,dator,3,1,0.6667,1.0000,0.0000,1,0.6667,1.0000,0.0000,0.0000,0.0000
falkenberg,advokat,basta,alla,6,1,0.8333,0.0000,1.0000,1,1.0000,0.0000,1.0000,0.0000,0.0000
falkenberg,advokat,basta,mobil,3,1,0.6667,0.0000,1.0000,1,1.0000,0.0000,1.0000,0.0000,0.0000
falkenberg,advokat,basta,dator,3,0,1.0000,,,0,1.0000,,,,
falkenberg,advokat,nara_mig,alla,6,5,0.1667,0.0000,1.0000,5,1.0000,0.0000,1.0000,0.0000,0.0000
falkenberg,advokat,nara_mig,mobil,3,3,0.0000,0.0000,1.0000,3,1.0000,0.0000,1.0000,0.0000,0.0000
falkenberg,advokat,nara_mig,dator,3,2,0.3333,0.0000,1.0000,2,1.0000,0.0000,1.0000,0.0000,0.0000
falkenberg,advokat,akut,alla,6,5,0.1667,0.2000,0.6000,5,0.6667,0.2000,0.0000,0.0000,0.0588
falkenberg,advokat,akut,mobil,3,3,0.0000,0.0000,1.0000,3,1.0000,0.0000,0.0000,0.0000,0.0000
falkenberg,advokat,akut,dator,3,2,0.3333,0.5000,0.0000,2,0.3333,0.5000,0.0000,0.0000,0.1667
falkenberg,jurist,alla,alla,30,25,0.1667,0.0000,0.8800,25,0.9000,0.4000,0.0400,0.0000,0.0000
falkenberg,jurist,alla,mobil,15,15,0.0000,0.0000,1.0000,15,1.0000,0.3333,0.0000,0.0000,0.0000
falkenberg,jurist,alla,dator,15,10,0.3333,0.0000,0.7000,10,0.8000,0.5000,0.1000,0.0000,0.0000
falkenberg,jurist,ort,alla,6,4,0.3333,0.0000,0.7500,4,0.8333,0.7500,0.0000,0.0000,0.0000
falkenberg,jurist,ort,mobil,3,3,0.0000,0.0000,1.0000,3,1.0000,0.6667,0.0000,0.0000,0.0000
falkenberg,jurist,ort,dator,3,1,0.6667,0.0000,0.0000,1,0.6667,1.0000,0.0000,0.0000,0.0000
falkenberg,jurist,i_ort,alla,6,6,0.0000,0.0000,1.0000,6,1.0000,0.5000,0.0000,0.0000,0.0000
falkenberg,jurist,i_ort,mobil,3,3,0.0000,0.0000,1.0000,3,1.0000,0.3333,0.0000,0.0000,0.0000
falkenberg,jurist,i_ort,dator,3,3,0.0000,0.0000,1.0000,3,1.0000,0.6667,0.0000,0.0000,0.0000
falkenberg,jurist,basta,alla,6,6,0.0000,0.0000,0.8333,6,0.8333,0.6667,0.0000,0.0000,0.0000
falkenberg,jurist,basta,mobil,3,3,0.0000,0.0000,1.0000,3,1.0000,0.6667,0.0000,0.0000,0.0000
falkenberg,jurist,basta,dator,3,3,0.0000,0.0000,0.6667,3,0.6667,0.6667,0.0000,0.0000,0.0000
falkenberg,jurist,nara_mig,alla,6,5,0.1667,0.0000,1.0000,5,1.0000,0.0000,0.2000,0.0000,0.0000
falkenberg,jurist,nara_mig,mobil,3,3,0.0000,0.0000,1.0000,3,1.0000,0.0000,0.0000,0.0000,0.0000
falkenberg,jurist,nara_mig,dator,3,2,0.3333,0.0000,1.0000,2,1.0000,0.0000,0.5000,0.0000,0.0000
falkenberg,jurist,akut,alla,6,4,0.3333,0.0000,0.7500,4,0.8333,0.0000,0.0000,0.0000,0.0000
falkenberg,jurist,akut,mobil,3,3,0.0000,0.0000,1.0000,3,1.0000,0.0000,0.0000,0.0000,0.0000
falkenberg,jurist,akut,dator,3,1,0.6667,0.0000,0.0000,1,0.6667,0.0000,0.0000,0.0000,0.0000
falkenberg,revisor,alla,alla,30,23,0.2333,0.0000,1.0000,23,1.0000,0.6522,0.2609,0.3770,0.0000
falkenberg,revisor,alla,mobil,15,11,0.2667,0.0000,1.0000,11,1.0000,0.5455,0.3636,0.4231,0.0000
falkenberg,revisor,alla,dator,15,12,0.2000,0.0000,1.0000,12,1.0000,0.7500,0.1667,0.3429,0.0000
falkenberg,revisor,ort,alla,6,1,0.8333,0.0000,1.0000,1,1.0000,1.0000,0.0000,0.3333,0.0000
falkenberg,revisor,ort,mobil,3,0,1.0000,,,0,1.0000,,,,
falkenberg,revisor,ort,dator,3,1,0.6667,0.0000,1.0000,1,1.0000,1.0000,0.0000,0.3333,0.0000
falkenberg,revisor,i_ort,alla,6,5,0.1667,0.0000,1.0000,5,1.0000,0.6000,0.2000,0.4167,0.0000
falkenberg,revisor,i_ort,mobil,3,3,0.0000,0.0000,1.0000,3,1.0000,0.3333,0.3333,0.4286,0.0000
falkenberg,revisor,i_ort,dator,3,2,0.3333,0.0000,1.0000,2,1.0000,1.0000,0.0000,0.4000,0.0000
falkenberg,revisor,basta,alla,6,6,0.0000,0.0000,1.0000,6,1.0000,0.6667,0.3333,0.4000,0.0000
falkenberg,revisor,basta,mobil,3,3,0.0000,0.0000,1.0000,3,1.0000,0.6667,0.3333,0.6000,0.0000
falkenberg,revisor,basta,dator,3,3,0.0000,0.0000,1.0000,3,1.0000,0.6667,0.3333,0.3000,0.0000
falkenberg,revisor,nara_mig,alla,6,5,0.1667,0.0000,1.0000,5,1.0000,0.8000,0.2000,0.3125,0.0000
falkenberg,revisor,nara_mig,mobil,3,2,0.3333,0.0000,1.0000,2,1.0000,0.5000,0.5000,0.2500,0.0000
falkenberg,revisor,nara_mig,dator,3,3,0.0000,0.0000,1.0000,3,1.0000,1.0000,0.0000,0.3750,0.0000
falkenberg,revisor,akut,alla,6,6,0.0000,0.0000,1.0000,6,1.0000,0.5000,0.3333,0.4000,0.0000
falkenberg,revisor,akut,mobil,3,3,0.0000,0.0000,1.0000,3,1.0000,0.6667,0.3333,0.5000,0.0000
falkenberg,revisor,akut,dator,3,3,0.0000,0.0000,1.0000,3,1.0000,0.3333,0.3333,0.3333,0.0000
falkenberg,bokföring,alla,alla,30,26,0.1333,0.0000,1.0000,26,1.0000,0.3846,0.2692,0.3000,0.0000
falkenberg,bokföring,alla,mobil,15,14,0.0667,0.0000,1.0000,14,1.0000,0.2857,0.2857,0.3333,0.0000
falkenberg,bokföring,alla,dator,15,12,0.2000,0.0000,1.0000,12,1.0000,0.5000,0.2500,0.2647,0.0000
falkenberg,bokföring,ort,alla,6,4,0.3333,0.0000,1.0000,4,1.0000,0.2500,0.7500,0.4444,0.0000
falkenberg,bokföring,ort,mobil,3,2,0.3333,0.0000,1.0000,2,1.0000,0.0000,1.0000,0.5000,0.0000
falkenberg,bokföring,ort,dator,3,2,0.3333,0.0000,1.0000,2,1.0000,0.5000,0.5000,0.4000,0.0000
falkenberg,bokföring,i_ort,alla,6,6,0.0000,0.0000,1.0000,6,1.0000,0.5000,0.1667,0.3529,0.0000
falkenberg,bokföring,i_ort,mobil,3,3,0.0000,0.0000,1.0000,3,1.0000,0.0000,0.3333,0.3750,0.0000
falkenberg,bokföring,i_ort,dator,3,3,0.0000,0.0000,1.0000,3,1.0000,1.0000,0.0000,0.3333,0.0000
falkenberg,bokföring,basta,alla,6,4,0.3333,0.0000,1.0000,4,1.0000,0.2500,0.2500,0.1250,0.0000
falkenberg,bokföring,basta,mobil,3,3,0.0000,0.0000,1.0000,3,1.0000,0.3333,0.3333,0.1667,0.0000
falkenberg,bokföring,basta,dator,3,1,0.6667,0.0000,1.0000,1,1.0000,0.0000,0.0000,0.0000,0.0000
falkenberg,bokföring,nara_mig,alla,6,6,0.0000,0.0000,1.0000,6,1.0000,0.6667,0.1667,0.2778,0.0000
falkenberg,bokföring,nara_mig,mobil,3,3,0.0000,0.0000,1.0000,3,1.0000,0.6667,0.0000,0.3333,0.0000
falkenberg,bokföring,nara_mig,dator,3,3,0.0000,0.0000,1.0000,3,1.0000,0.6667,0.3333,0.2222,0.0000
falkenberg,bokföring,akut,alla,6,6,0.0000,0.0000,1.0000,6,1.0000,0.1667,0.1667,0.2778,0.0000
falkenberg,bokföring,akut,mobil,3,3,0.0000,0.0000,1.0000,3,1.0000,0.3333,0.0000,0.3333,0.0000
falkenberg,bokföring,akut,dator,3,3,0.0000,0.0000,1.0000,3,1.0000,0.0000,0.3333,0.2222,0.0000
falkenberg,optiker,alla,alla,30,26,0.1333,0.0000,1.0000,26,1.0000,0.8846,0.0769,0.0299,0.0000
falkenberg,optiker,alla,mobil,15,13,0.1333,0.0000,1.0000,13,1.0000,0.8462,0.1538,0.0714,0.0000
falkenberg,optiker,alla,dator,15,13,0.1333,0.0000,1.0000,13,1.0000,0.9231,0.0000,0.0000,0.0000
falkenberg,optiker,ort,alla,6,6,0.0000,0.0000,1.0000,6,1.0000,0.8333,0.1667,0.0625,0.0000
falkenberg,optiker,ort,mobil,3,3,0.0000,0.0000,1.0000,3,1.0000,0.6667,0.3333,0.1429,0.0000
falkenberg,optiker,ort,dator,3,3,0.0000,0.0000,1.0000,3,1.0000,1.0000,0.0000,0.0000,0.0000
falkenberg,optiker,i_ort,alla,6,6,0.0000,0.0000,1.0000,6,1.0000,0.8333,0.1667,0.0625,0.0000
falkenberg,optiker,i_ort,mobil,3,3,0.0000,0.0000,1.0000,3,1.0000,0.6667,0.3333,0.1429,0.0000
falkenberg,optiker,i_ort,dator,3,3,0.0000,0.0000,1.0000,3,1.0000,1.0000,0.0000,0.0000,0.0000
falkenberg,optiker,basta,alla,6,6,0.0000,0.0000,1.0000,6,1.0000,0.8333,0.0000,0.0000,0.0000
falkenberg,optiker,basta,mobil,3,3,0.0000,0.0000,1.0000,3,1.0000,1.0000,0.0000,0.0000,0.0000
falkenberg,optiker,basta,dator,3,3,0.0000,0.0000,1.0000,3,1.0000,0.6667,0.0000,0.0000,0.0000
falkenberg,optiker,nara_mig,alla,6,3,0.5000,0.0000,1.0000,3,1.0000,1.0000,0.0000,0.0000,0.0000
falkenberg,optiker,nara_mig,mobil,3,1,0.6667,0.0000,1.0000,1,1.0000,1.0000,0.0000,0.0000,0.0000
falkenberg,optiker,nara_mig,dator,3,2,0.3333,0.0000,1.0000,2,1.0000,1.0000,0.0000,0.0000,0.0000
falkenberg,optiker,akut,alla,6,5,0.1667,0.0000,1.0000,5,1.0000,1.0000,0.0000,0.0000,0.0000
falkenberg,optiker,akut,mobil,3,3,0.0000,0.0000,1.0000,3,1.0000,1.0000,0.0000,0.0000,0.0000
falkenberg,optiker,akut,dator,3,2,0.3333,0.0000,1.0000,2,1.0000,1.0000,0.0000,0.0000,0.0000
falkenberg,veterinär,alla,alla,30,0,1.0000,,,0,1.0000,,,,
falkenberg,veterinär,alla,mobil,15,0,1.0000,,,0,1.0000,,,,
falkenberg,veterinär,alla,dator,15,0,1.0000,,,0,1.0000,,,,
falkenberg,veterinär,ort,alla,6,0,1.0000,,,0,1.0000,,,,
falkenberg,veterinär,ort,mobil,3,0,1.0000,,,0,1.0000,,,,
falkenberg,veterinär,ort,dator,3,0,1.0000,,,0,1.0000,,,,
falkenberg,veterinär,i_ort,alla,6,0,1.0000,,,0,1.0000,,,,
falkenberg,veterinär,i_ort,mobil,3,0,1.0000,,,0,1.0000,,,,
falkenberg,veterinär,i_ort,dator,3,0,1.0000,,,0,1.0000,,,,
falkenberg,veterinär,basta,alla,6,0,1.0000,,,0,1.0000,,,,
falkenberg,veterinär,basta,mobil,3,0,1.0000,,,0,1.0000,,,,
falkenberg,veterinär,basta,dator,3,0,1.0000,,,0,1.0000,,,,
falkenberg,veterinär,nara_mig,alla,6,0,1.0000,,,0,1.0000,,,,
falkenberg,veterinär,nara_mig,mobil,3,0,1.0000,,,0,1.0000,,,,
falkenberg,veterinär,nara_mig,dator,3,0,1.0000,,,0,1.0000,,,,
falkenberg,veterinär,akut,alla,6,0,1.0000,,,0,1.0000,,,,
falkenberg,veterinär,akut,mobil,3,0,1.0000,,,0,1.0000,,,,
falkenberg,veterinär,akut,dator,3,0,1.0000,,,0,1.0000,,,,
falkenberg,massage,alla,alla,30,4,0.8667,1.0000,,0,,1.0000,,0.0000,0.0000
falkenberg,massage,alla,mobil,15,4,0.7333,1.0000,,0,,1.0000,,0.0000,0.0000
falkenberg,massage,alla,dator,15,0,1.0000,,,0,,,,,
falkenberg,massage,ort,alla,6,1,0.8333,1.0000,,0,,1.0000,,0.0000,0.0000
falkenberg,massage,ort,mobil,3,1,0.6667,1.0000,,0,,1.0000,,0.0000,0.0000
falkenberg,massage,ort,dator,3,0,1.0000,,,0,,,,,
falkenberg,massage,i_ort,alla,6,1,0.8333,1.0000,,0,,1.0000,,0.0000,0.0000
falkenberg,massage,i_ort,mobil,3,1,0.6667,1.0000,,0,,1.0000,,0.0000,0.0000
falkenberg,massage,i_ort,dator,3,0,1.0000,,,0,,,,,
falkenberg,massage,basta,alla,6,1,0.8333,1.0000,,0,,1.0000,,0.0000,0.0000
falkenberg,massage,basta,mobil,3,1,0.6667,1.0000,,0,,1.0000,,0.0000,0.0000
falkenberg,massage,basta,dator,3,0,1.0000,,,0,,,,,
falkenberg,massage,nara_mig,alla,6,0,1.0000,,,0,,,,,
falkenberg,massage,nara_mig,mobil,3,0,1.0000,,,0,,,,,
falkenberg,massage,nara_mig,dator,3,0,1.0000,,,0,,,,,
falkenberg,massage,akut,alla,6,1,0.8333,1.0000,,0,,1.0000,,0.0000,0.0000
falkenberg,massage,akut,mobil,3,1,0.6667,1.0000,,0,,1.0000,,0.0000,0.0000
falkenberg,massage,akut,dator,3,0,1.0000,,,0,,,,,
falkenberg,naprapat,alla,alla,30,7,0.7667,0.2857,,0,,1.0000,,0.0000,0.0000
falkenberg,naprapat,alla,mobil,15,4,0.7333,0.5000,,0,,1.0000,,0.0000,0.0000
falkenberg,naprapat,alla,dator,15,3,0.8000,0.0000,,0,,1.0000,,0.0000,0.0000
falkenberg,naprapat,ort,alla,6,1,0.8333,1.0000,,0,,1.0000,,0.0000,0.0000
falkenberg,naprapat,ort,mobil,3,1,0.6667,1.0000,,0,,1.0000,,0.0000,0.0000
falkenberg,naprapat,ort,dator,3,0,1.0000,,,0,,,,,
falkenberg,naprapat,i_ort,alla,6,1,0.8333,0.0000,,0,,1.0000,,0.0000,0.0000
falkenberg,naprapat,i_ort,mobil,3,1,0.6667,0.0000,,0,,1.0000,,0.0000,0.0000
falkenberg,naprapat,i_ort,dator,3,0,1.0000,,,0,,,,,
falkenberg,naprapat,basta,alla,6,0,1.0000,,,0,,,,,
falkenberg,naprapat,basta,mobil,3,0,1.0000,,,0,,,,,
falkenberg,naprapat,basta,dator,3,0,1.0000,,,0,,,,,
falkenberg,naprapat,nara_mig,alla,6,3,0.5000,0.0000,,0,,1.0000,,0.0000,0.0000
falkenberg,naprapat,nara_mig,mobil,3,0,1.0000,,,0,,,,,
falkenberg,naprapat,nara_mig,dator,3,3,0.0000,0.0000,,0,,1.0000,,0.0000,0.0000
falkenberg,naprapat,akut,alla,6,2,0.6667,0.5000,,0,,1.0000,,0.0000,0.0000
falkenberg,naprapat,akut,mobil,3,2,0.3333,0.5000,,0,,1.0000,,0.0000,0.0000
falkenberg,naprapat,akut,dator,3,0,1.0000,,,0,,,,,
falkenberg,fotvård,alla,alla,30,0,1.0000,,,0,1.0000,,,,
falkenberg,fotvård,alla,mobil,15,0,1.0000,,,0,1.0000,,,,
falkenberg,fotvård,alla,dator,15,0,1.0000,,,0,1.0000,,,,
falkenberg,fotvård,ort,alla,6,0,1.0000,,,0,1.0000,,,,
falkenberg,fotvård,ort,mobil,3,0,1.0000,,,0,1.0000,,,,
falkenberg,fotvård,ort,dator,3,0,1.0000,,,0,1.0000,,,,
falkenberg,fotvård,i_ort,alla,6,0,1.0000,,,0,1.0000,,,,
falkenberg,fotvård,i_ort,mobil,3,0,1.0000,,,0,1.0000,,,,
falkenberg,fotvård,i_ort,dator,3,0,1.0000,,,0,1.0000,,,,
falkenberg,fotvård,basta,alla,6,0,1.0000,,,0,1.0000,,,,
falkenberg,fotvård,basta,mobil,3,0,1.0000,,,0,1.0000,,,,
falkenberg,fotvård,basta,dator,3,0,1.0000,,,0,1.0000,,,,
falkenberg,fotvård,nara_mig,alla,6,0,1.0000,,,0,1.0000,,,,
falkenberg,fotvård,nara_mig,mobil,3,0,1.0000,,,0,1.0000,,,,
falkenberg,fotvård,nara_mig,dator,3,0,1.0000,,,0,1.0000,,,,
falkenberg,fotvård,akut,alla,6,0,1.0000,,,0,1.0000,,,,
falkenberg,fotvård,akut,mobil,3,0,1.0000,,,0,1.0000,,,,
falkenberg,fotvård,akut,dator,3,0,1.0000,,,0,1.0000,,,,
falkenberg,skyltar,alla,alla,30,2,0.9333,0.0000,,0,,0.0000,,0.0000,0.0000
falkenberg,skyltar,alla,mobil,15,1,0.9333,0.0000,,0,,0.0000,,0.0000,0.0000
falkenberg,skyltar,alla,dator,15,1,0.9333,0.0000,,0,,0.0000,,0.0000,0.0000
falkenberg,skyltar,ort,alla,6,0,1.0000,,,0,,,,,
falkenberg,skyltar,ort,mobil,3,0,1.0000,,,0,,,,,
falkenberg,skyltar,ort,dator,3,0,1.0000,,,0,,,,,
falkenberg,skyltar,i_ort,alla,6,2,0.6667,0.0000,,0,,0.0000,,0.0000,0.0000
falkenberg,skyltar,i_ort,mobil,3,1,0.6667,0.0000,,0,,0.0000,,0.0000,0.0000
falkenberg,skyltar,i_ort,dator,3,1,0.6667,0.0000,,0,,0.0000,,0.0000,0.0000
falkenberg,skyltar,basta,alla,6,0,1.0000,,,0,,,,,
falkenberg,skyltar,basta,mobil,3,0,1.0000,,,0,,,,,
falkenberg,skyltar,basta,dator,3,0,1.0000,,,0,,,,,
falkenberg,skyltar,nara_mig,alla,6,0,1.0000,,,0,,,,,
falkenberg,skyltar,nara_mig,mobil,3,0,1.0000,,,0,,,,,
falkenberg,skyltar,nara_mig,dator,3,0,1.0000,,,0,,,,,
falkenberg,skyltar,akut,alla,6,0,1.0000,,,0,,,,,
falkenberg,skyltar,akut,mobil,3,0,1.0000,,,0,,,,,
falkenberg,skyltar,akut,dator,3,0,1.0000,,,0,,,,,
falkenberg,hemstädning,alla,alla,30,29,0.0333,0.0000,0.7586,29,0.7667,0.0000,0.7241,0.6912,0.0147
falkenberg,hemstädning,alla,mobil,15,14,0.0667,0.0000,0.7857,14,0.8000,0.0000,0.7143,0.6970,0.0000
falkenberg,hemstädning,alla,dator,15,15,0.0000,0.0000,0.7333,15,0.7333,0.0000,0.7333,0.6857,0.0286
falkenberg,hemstädning,ort,alla,6,6,0.0000,0.0000,0.8333,6,0.8333,0.0000,0.8333,0.8462,0.0000
falkenberg,hemstädning,ort,mobil,3,3,0.0000,0.0000,0.6667,3,0.6667,0.0000,0.6667,0.7500,0.0000
falkenberg,hemstädning,ort,dator,3,3,0.0000,0.0000,1.0000,3,1.0000,0.0000,1.0000,1.0000,0.0000
falkenberg,hemstädning,i_ort,alla,6,6,0.0000,0.0000,0.6667,6,0.6667,0.0000,0.6667,0.8000,0.0667
falkenberg,hemstädning,i_ort,mobil,3,3,0.0000,0.0000,0.6667,3,0.6667,0.0000,0.6667,0.8571,0.0000
falkenberg,hemstädning,i_ort,dator,3,3,0.0000,0.0000,0.6667,3,0.6667,0.0000,0.6667,0.7500,0.1250
falkenberg,hemstädning,basta,alla,6,6,0.0000,0.0000,1.0000,6,1.0000,0.0000,1.0000,0.8333,0.0000
falkenberg,hemstädning,basta,mobil,3,3,0.0000,0.0000,1.0000,3,1.0000,0.0000,1.0000,0.8571,0.0000
falkenberg,hemstädning,basta,dator,3,3,0.0000,0.0000,1.0000,3,1.0000,0.0000,1.0000,0.8000,0.0000
falkenberg,hemstädning,nara_mig,alla,6,5,0.1667,0.0000,1.0000,5,1.0000,0.0000,1.0000,0.6667,0.0000
falkenberg,hemstädning,nara_mig,mobil,3,2,0.3333,0.0000,1.0000,2,1.0000,0.0000,1.0000,0.5000,0.0000
falkenberg,hemstädning,nara_mig,dator,3,3,0.0000,0.0000,1.0000,3,1.0000,0.0000,1.0000,0.7500,0.0000
falkenberg,hemstädning,akut,alla,6,6,0.0000,0.0000,0.3333,6,0.3333,0.0000,0.1667,0.3750,0.0000
falkenberg,hemstädning,akut,mobil,3,3,0.0000,0.0000,0.6667,3,0.6667,0.0000,0.3333,0.4286,0.0000
falkenberg,hemstädning,akut,dator,3,3,0.0000,0.0000,0.0000,3,0.0000,0.0000,0.0000,0.3333,0.0000
falkenberg,fönsterputs,alla,alla,30,27,0.1000,0.0370,0.4815,27,0.5333,0.0370,0.2963,0.3544,0.0000
falkenberg,fönsterputs,alla,mobil,15,13,0.1333,0.0000,0.4615,13,0.5333,0.0000,0.1538,0.3415,0.0000
falkenberg,fönsterputs,alla,dator,15,14,0.0667,0.0714,0.5000,14,0.5333,0.0714,0.4286,0.3684,0.0000
falkenberg,fönsterputs,ort,alla,6,6,0.0000,0.0000,0.5000,6,0.5000,0.0000,0.3333,0.3529,0.0000
falkenberg,fönsterputs,ort,mobil,3,3,0.0000,0.0000,0.3333,3,0.3333,0.0000,0.0000,0.3333,0.0000
falkenberg,fönsterputs,ort,dator,3,3,0.0000,0.0000,0.6667,3,0.6667,0.0000,0.6667,0.3750,0.0000
falkenberg,fönsterputs,i_ort,alla,6,6,0.0000,0.1667,0.5000,6,0.5000,0.1667,0.1667,0.3529,0.0000
falkenberg,fönsterputs,i_ort,mobil,3,3,0.0000,0.0000,0.6667,3,0.6667,0.0000,0.0000,0.4444,0.0000
falkenberg,fönsterputs,i_ort,dator,3,3,0.0000,0.3333,0.3333,3,0.3333,0.3333,0.3333,0.2500,0.0000
falkenberg,fönsterputs,basta,alla,6,6,0.0000,0.0000,0.1667,6,0.1667,0.0000,0.0000,0.3684,0.0000
falkenberg,fönsterputs,basta,mobil,3,3,0.0000,0.0000,0.0000,3,0.0000,0.0000,0.0000,0.3000,0.0000
falkenberg,fönsterputs,basta,dator,3,3,0.0000,0.0000,0.3333,3,0.3333,0.0000,0.0000,0.4444,0.0000
falkenberg,fönsterputs,nara_mig,alla,6,5,0.1667,0.0000,1.0000,5,1.0000,0.0000,1.0000,0.3846,0.0000
falkenberg,fönsterputs,nara_mig,mobil,3,2,0.3333,0.0000,1.0000,2,1.0000,0.0000,1.0000,0.3333,0.0000
falkenberg,fönsterputs,nara_mig,dator,3,3,0.0000,0.0000,1.0000,3,1.0000,0.0000,1.0000,0.4286,0.0000
falkenberg,fönsterputs,akut,alla,6,4,0.3333,0.0000,0.2500,4,0.5000,0.0000,0.0000,0.3077,0.0000
falkenberg,fönsterputs,akut,mobil,3,2,0.3333,0.0000,0.5000,2,0.6667,0.0000,0.0000,0.2857,0.0000
falkenberg,fönsterputs,akut,dator,3,2,0.3333,0.0000,0.0000,2,0.3333,0.0000,0.0000,0.3333,0.0000
falkenberg,trädfällning,alla,alla,30,23,0.2333,0.5652,0.2609,23,0.4333,0.5652,0.2609,0.1791,0.0299
falkenberg,trädfällning,alla,mobil,15,13,0.1333,0.5385,0.2308,13,0.3333,0.5385,0.2308,0.3429,0.0286
falkenberg,trädfällning,alla,dator,15,10,0.3333,0.6000,0.3000,10,0.5333,0.6000,0.3000,0.0000,0.0313
falkenberg,trädfällning,ort,alla,6,5,0.1667,0.6000,0.0000,5,0.1667,0.6000,0.0000,0.1333,0.0000
falkenberg,trädfällning,ort,mobil,3,3,0.0000,0.6667,0.0000,3,0.0000,0.6667,0.0000,0.2222,0.0000
falkenberg,trädfällning,ort,dator,3,2,0.3333,0.5000,0.0000,2,0.3333,0.5000,0.0000,0.0000,0.0000
falkenberg,trädfällning,i_ort,alla,6,6,0.0000,0.5000,0.1667,6,0.1667,0.5000,0.1667,0.1500,0.0500
falkenberg,trädfällning,i_ort,mobil,3,3,0.0000,0.3333,0.0000,3,0.0000,0.3333,0.0000,0.3000,0.0000
falkenberg,trädfällning,i_ort,dator,3,3,0.0000,0.6667,0.3333,3,0.3333,0.6667,0.3333,0.0000,0.1000
falkenberg,trädfällning,basta,alla,6,5,0.1667,0.8000,0.2000,5,0.3333,0.8000,0.2000,0.2000,0.0667
falkenberg,trädfällning,basta,mobil,3,3,0.0000,0.6667,0.3333,3,0.3333,0.6667,0.3333,0.3333,0.1111
falkenberg,trädfällning,basta,dator,3,2,0.3333,1.0000,0.0000,2,0.3333,1.0000,0.0000,0.0000,0.0000
falkenberg,trädfällning,nara_mig,alla,6,2,0.6667,0.5000,0.5000,2,0.8333,0.5000,0.5000,0.2857,0.0000
falkenberg,trädfällning,nara_mig,mobil,3,1,0.6667,1.0000,0.0000,1,0.6667,1.0000,0.0000,0.6667,0.0000
falkenberg,trädfällning,nara_mig,dator,3,1,0.6667,0.0000,1.0000,1,1.0000,0.0000,1.0000,0.0000,0.0000
falkenberg,trädfällning,akut,alla,6,5,0.1667,0.4000,0.6000,5,0.6667,0.4000,0.6000,0.2000,0.0000
falkenberg,trädfällning,akut,mobil,3,3,0.0000,0.3333,0.6667,3,0.6667,0.3333,0.6667,0.5000,0.0000
falkenberg,trädfällning,akut,dator,3,2,0.3333,0.5000,0.5000,2,0.6667,0.5000,0.5000,0.0000,0.0000
falkenberg,trädgårdsskötsel,alla,alla,30,23,0.2333,0.0870,0.6957,23,0.7667,0.4783,0.0435,0.1791,0.0597
falkenberg,trädgårdsskötsel,alla,mobil,15,13,0.1333,0.1538,0.8462,13,0.8667,0.6154,0.0769,0.2059,0.1176
falkenberg,trädgårdsskötsel,alla,dator,15,10,0.3333,0.0000,0.5000,10,0.6667,0.3000,0.0000,0.1515,0.0000
falkenberg,trädgårdsskötsel,ort,alla,6,3,0.5000,0.3333,0.6667,3,0.8333,0.3333,0.0000,0.2000,0.0000
falkenberg,trädgårdsskötsel,ort,mobil,3,2,0.3333,0.5000,0.5000,2,0.6667,0.5000,0.0000,0.1429,0.0000
falkenberg,trädgårdsskötsel,ort,dator,3,1,0.6667,0.0000,1.0000,1,1.0000,0.0000,0.0000,0.3333,0.0000
falkenberg,trädgårdsskötsel,i_ort,alla,6,5,0.1667,0.2000,0.2000,5,0.3333,0.6000,0.0000,0.2143,0.0000
falkenberg,trädgårdsskötsel,i_ort,mobil,3,2,0.3333,0.5000,0.5000,2,0.6667,1.0000,0.0000,0.0000,0.0000
falkenberg,trädgårdsskötsel,i_ort,dator,3,3,0.0000,0.0000,0.0000,3,0.0000,0.3333,0.0000,0.3000,0.0000
falkenberg,trädgårdsskötsel,basta,alla,6,4,0.3333,0.0000,0.7500,4,0.8333,0.2500,0.2500,0.2000,0.1000
falkenberg,trädgårdsskötsel,basta,mobil,3,3,0.0000,0.0000,1.0000,3,1.0000,0.3333,0.3333,0.3333,0.1667
falkenberg,trädgårdsskötsel,basta,dator,3,1,0.6667,0.0000,0.0000,1,0.6667,0.0000,0.0000,0.0000,0.0000
falkenberg,trädgårdsskötsel,nara_mig,alla,6,5,0.1667,0.0000,1.0000,5,1.0000,0.4000,0.0000,0.2500,0.0000
falkenberg,trädgårdsskötsel,nara_mig,mobil,3,3,0.0000,0.0000,1.0000,3,1.0000,0.6667,0.0000,0.2857,0.0000
falkenberg,trädgårdsskötsel,nara_mig,dator,3,2,0.3333,0.0000,1.0000,2,1.0000,0.0000,0.0000,0.2000,0.0000
falkenberg,trädgårdsskötsel,akut,alla,6,6,0.0000,0.0000,0.8333,6,0.8333,0.6667,0.0000,0.0952,0.1429
falkenberg,trädgårdsskötsel,akut,mobil,3,3,0.0000,0.0000,1.0000,3,1.0000,0.6667,0.0000,0.2000,0.3000
falkenberg,trädgårdsskötsel,akut,dator,3,3,0.0000,0.0000,0.6667,3,0.6667,0.6667,0.0000,0.0000,0.0000
falkenberg,markarbete,alla,alla,30,15,0.5000,0.0000,1.0000,15,1.0000,0.0000,1.0000,0.0000,0.0000
falkenberg,markarbete,alla,mobil,15,12,0.2000,0.0000,1.0000,12,1.0000,0.0000,1.0000,0.0000,0.0000
falkenberg,markarbete,alla,dator,15,3,0.8000,0.0000,1.0000,3,1.0000,0.0000,1.0000,0.0000,0.0000
falkenberg,markarbete,ort,alla,6,3,0.5000,0.0000,1.0000,3,1.0000,0.0000,1.0000,0.0000,0.0000
falkenberg,markarbete,ort,mobil,3,3,0.0000,0.0000,1.0000,3,1.0000,0.0000,1.0000,0.0000,0.0000
falkenberg,markarbete,ort,dator,3,0,1.0000,,,0,1.0000,,,,
falkenberg,markarbete,i_ort,alla,6,2,0.6667,0.0000,1.0000,2,1.0000,0.0000,1.0000,0.0000,0.0000
falkenberg,markarbete,i_ort,mobil,3,2,0.3333,0.0000,1.0000,2,1.0000,0.0000,1.0000,0.0000,0.0000
falkenberg,markarbete,i_ort,dator,3,0,1.0000,,,0,1.0000,,,,
falkenberg,markarbete,basta,alla,6,3,0.5000,0.0000,1.0000,3,1.0000,0.0000,1.0000,0.0000,0.0000
falkenberg,markarbete,basta,mobil,3,3,0.0000,0.0000,1.0000,3,1.0000,0.0000,1.0000,0.0000,0.0000
falkenberg,markarbete,basta,dator,3,0,1.0000,,,0,1.0000,,,,
falkenberg,markarbete,nara_mig,alla,6,4,0.3333,0.0000,1.0000,4,1.0000,0.0000,1.0000,0.0000,0.0000
falkenberg,markarbete,nara_mig,mobil,3,1,0.6667,0.0000,1.0000,1,1.0000,0.0000,1.0000,0.0000,0.0000
falkenberg,markarbete,nara_mig,dator,3,3,0.0000,0.0000,1.0000,3,1.0000,0.0000,1.0000,0.0000,0.0000
falkenberg,markarbete,akut,alla,6,3,0.5000,0.0000,1.0000,3,1.0000,0.0000,1.0000,0.0000,0.0000
falkenberg,markarbete,akut,mobil,3,3,0.0000,0.0000,1.0000,3,1.0000,0.0000,1.0000,0.0000,0.0000
falkenberg,markarbete,akut,dator,3,0,1.0000,,,0,1.0000,,,,
falkenberg,gräv,alla,alla,30,0,1.0000,,,0,1.0000,,,,
falkenberg,gräv,alla,mobil,15,0,1.0000,,,0,1.0000,,,,
falkenberg,gräv,alla,dator,15,0,1.0000,,,0,1.0000,,,,
falkenberg,gräv,ort,alla,6,0,1.0000,,,0,1.0000,,,,
falkenberg,gräv,ort,mobil,3,0,1.0000,,,0,1.0000,,,,
falkenberg,gräv,ort,dator,3,0,1.0000,,,0,1.0000,,,,
falkenberg,gräv,i_ort,alla,6,0,1.0000,,,0,1.0000,,,,
falkenberg,gräv,i_ort,mobil,3,0,1.0000,,,0,1.0000,,,,
falkenberg,gräv,i_ort,dator,3,0,1.0000,,,0,1.0000,,,,
falkenberg,gräv,basta,alla,6,0,1.0000,,,0,1.0000,,,,
falkenberg,gräv,basta,mobil,3,0,1.0000,,,0,1.0000,,,,
falkenberg,gräv,basta,dator,3,0,1.0000,,,0,1.0000,,,,
falkenberg,gräv,nara_mig,alla,6,0,1.0000,,,0,1.0000,,,,
falkenberg,gräv,nara_mig,mobil,3,0,1.0000,,,0,1.0000,,,,
falkenberg,gräv,nara_mig,dator,3,0,1.0000,,,0,1.0000,,,,
falkenberg,gräv,akut,alla,6,0,1.0000,,,0,1.0000,,,,
falkenberg,gräv,akut,mobil,3,0,1.0000,,,0,1.0000,,,,
falkenberg,gräv,akut,dator,3,0,1.0000,,,0,1.0000,,,,
falkenberg,betong,alla,alla,30,3,0.9000,0.0000,,0,,0.0000,,0.0000,0.0000
falkenberg,betong,alla,mobil,15,1,0.9333,0.0000,,0,,0.0000,,0.0000,0.0000
falkenberg,betong,alla,dator,15,2,0.8667,0.0000,,0,,0.0000,,0.0000,0.0000
falkenberg,betong,ort,alla,6,0,1.0000,,,0,,,,,
falkenberg,betong,ort,mobil,3,0,1.0000,,,0,,,,,
falkenberg,betong,ort,dator,3,0,1.0000,,,0,,,,,
falkenberg,betong,i_ort,alla,6,0,1.0000,,,0,,,,,
falkenberg,betong,i_ort,mobil,3,0,1.0000,,,0,,,,,
falkenberg,betong,i_ort,dator,3,0,1.0000,,,0,,,,,
falkenberg,betong,basta,alla,6,0,1.0000,,,0,,,,,
falkenberg,betong,basta,mobil,3,0,1.0000,,,0,,,,,
falkenberg,betong,basta,dator,3,0,1.0000,,,0,,,,,
falkenberg,betong,nara_mig,alla,6,2,0.6667,0.0000,,0,,0.0000,,0.0000,0.0000
falkenberg,betong,nara_mig,mobil,3,0,1.0000,,,0,,,,,
falkenberg,betong,nara_mig,dator,3,2,0.3333,0.0000,,0,,0.0000,,0.0000,0.0000
falkenberg,betong,akut,alla,6,1,0.8333,0.0000,,0,,0.0000,,0.0000,0.0000
falkenberg,betong,akut,mobil,3,1,0.6667,0.0000,,0,,0.0000,,0.0000,0.0000
falkenberg,betong,akut,dator,3,0,1.0000,,,0,,,,,
falkenberg,ventilation,alla,alla,30,11,0.6333,0.0000,1.0000,11,1.0000,0.0000,0.5455,0.3462,0.0000
falkenberg,ventilation,alla,mobil,15,9,0.4000,0.0000,1.0000,9,1.0000,0.0000,0.5556,0.3810,0.0000
falkenberg,ventilation,alla,dator,15,2,0.8667,0.0000,1.0000,2,1.0000,0.0000,0.5000,0.2000,0.0000
falkenberg,ventilation,ort,alla,6,1,0.8333,0.0000,1.0000,1,1.0000,0.0000,1.0000,1.0000,0.0000
falkenberg,ventilation,ort,mobil,3,1,0.6667,0.0000,1.0000,1,1.0000,0.0000,1.0000,1.0000,0.0000
falkenberg,ventilation,ort,dator,3,0,1.0000,,,0,1.0000,,,,
falkenberg,ventilation,i_ort,alla,6,2,0.6667,0.0000,1.0000,2,1.0000,0.0000,1.0000,0.4000,0.0000
falkenberg,ventilation,i_ort,mobil,3,2,0.3333,0.0000,1.0000,2,1.0000,0.0000,1.0000,0.4000,0.0000
falkenberg,ventilation,i_ort,dator,3,0,1.0000,,,0,1.0000,,,,
falkenberg,ventilation,basta,alla,6,2,0.6667,0.0000,1.0000,2,1.0000,0.0000,0.0000,0.2500,0.0000
falkenberg,ventilation,basta,mobil,3,2,0.3333,0.0000,1.0000,2,1.0000,0.0000,0.0000,0.2500,0.0000
falkenberg,ventilation,basta,dator,3,0,1.0000,,,0,1.0000,,,,
falkenberg,ventilation,nara_mig,alla,6,3,0.5000,0.0000,1.0000,3,1.0000,0.0000,0.3333,0.1250,0.0000
falkenberg,ventilation,nara_mig,mobil,3,1,0.6667,0.0000,1.0000,1,1.0000,0.0000,0.0000,0.0000,0.0000
falkenberg,ventilation,nara_mig,dator,3,2,0.3333,0.0000,1.0000,2,1.0000,0.0000,0.5000,0.2000,0.0000
falkenberg,ventilation,akut,alla,6,3,0.5000,0.0000,1.0000,3,1.0000,0.0000,0.6667,0.5000,0.0000
falkenberg,ventilation,akut,mobil,3,3,0.0000,0.0000,1.0000,3,1.0000,0.0000,0.6667,0.5000,0.0000
falkenberg,ventilation,akut,dator,3,0,1.0000,,,0,1.0000,,,,
falkenberg,värmepump,alla,alla,30,25,0.1667,0.0000,,0,,0.0000,,0.1467,0.0000
falkenberg,värmepump,alla,mobil,15,13,0.1333,0.0000,,0,,0.0000,,0.2703,0.0000
falkenberg,värmepump,alla,dator,15,12,0.2000,0.0000,,0,,0.0000,,0.0263,0.0000
falkenberg,värmepump,ort,alla,6,5,0.1667,0.0000,,0,,0.0000,,0.1333,0.0000
falkenberg,värmepump,ort,mobil,3,3,0.0000,0.0000,,0,,0.0000,,0.2500,0.0000
falkenberg,värmepump,ort,dator,3,2,0.3333,0.0000,,0,,0.0000,,0.0000,0.0000
falkenberg,värmepump,i_ort,alla,6,4,0.3333,0.0000,,0,,0.0000,,0.1875,0.0000
falkenberg,värmepump,i_ort,mobil,3,2,0.3333,0.0000,,0,,0.0000,,0.2500,0.0000
falkenberg,värmepump,i_ort,dator,3,2,0.3333,0.0000,,0,,0.0000,,0.1250,0.0000
falkenberg,värmepump,basta,alla,6,6,0.0000,0.0000,,0,,0.0000,,0.1500,0.0000
falkenberg,värmepump,basta,mobil,3,3,0.0000,0.0000,,0,,0.0000,,0.3000,0.0000
falkenberg,värmepump,basta,dator,3,3,0.0000,0.0000,,0,,0.0000,,0.0000,0.0000
falkenberg,värmepump,nara_mig,alla,6,5,0.1667,0.0000,,0,,0.0000,,0.0714,0.0000
falkenberg,värmepump,nara_mig,mobil,3,2,0.3333,0.0000,,0,,0.0000,,0.2000,0.0000
falkenberg,värmepump,nara_mig,dator,3,3,0.0000,0.0000,,0,,0.0000,,0.0000,0.0000
falkenberg,värmepump,akut,alla,6,5,0.1667,0.0000,,0,,0.0000,,0.2000,0.0000
falkenberg,värmepump,akut,mobil,3,3,0.0000,0.0000,,0,,0.0000,,0.3333,0.0000
falkenberg,värmepump,akut,dator,3,2,0.3333,0.0000,,0,,0.0000,,0.0000,0.0000
falkenberg,solceller,alla,alla,30,22,0.2667,0.0000,,0,,0.0000,,0.0000,0.0000
falkenberg,solceller,alla,mobil,15,13,0.1333,0.0000,,0,,0.0000,,0.0000,0.0000
falkenberg,solceller,alla,dator,15,9,0.4000,0.0000,,0,,0.0000,,0.0000,0.0000
falkenberg,solceller,ort,alla,6,4,0.3333,0.0000,,0,,0.0000,,0.0000,0.0000
falkenberg,solceller,ort,mobil,3,2,0.3333,0.0000,,0,,0.0000,,0.0000,0.0000
falkenberg,solceller,ort,dator,3,2,0.3333,0.0000,,0,,0.0000,,0.0000,0.0000
falkenberg,solceller,i_ort,alla,6,5,0.1667,0.0000,,0,,0.0000,,0.0000,0.0000
falkenberg,solceller,i_ort,mobil,3,3,0.0000,0.0000,,0,,0.0000,,0.0000,0.0000
falkenberg,solceller,i_ort,dator,3,2,0.3333,0.0000,,0,,0.0000,,0.0000,0.0000
falkenberg,solceller,basta,alla,6,6,0.0000,0.0000,,0,,0.0000,,0.0000,0.0000
falkenberg,solceller,basta,mobil,3,3,0.0000,0.0000,,0,,0.0000,,0.0000,0.0000
falkenberg,solceller,basta,dator,3,3,0.0000,0.0000,,0,,0.0000,,0.0000,0.0000
falkenberg,solceller,nara_mig,alla,6,5,0.1667,0.0000,,0,,0.0000,,0.0000,0.0000
falkenberg,solceller,nara_mig,mobil,3,3,0.0000,0.0000,,0,,0.0000,,0.0000,0.0000
falkenberg,solceller,nara_mig,dator,3,2,0.3333,0.0000,,0,,0.0000,,0.0000,0.0000
falkenberg,solceller,akut,alla,6,2,0.6667,0.0000,,0,,0.0000,,0.0000,0.0000
falkenberg,solceller,akut,mobil,3,2,0.3333,0.0000,,0,,0.0000,,0.0000,0.0000
falkenberg,solceller,akut,dator,3,0,1.0000,,,0,,,,,
falkenberg,larm,alla,alla,30,23,0.2333,0.0000,1.0000,23,1.0000,0.0000,1.0000,0.0000,0.0000
falkenberg,larm,alla,mobil,15,11,0.2667,0.0000,1.0000,11,1.0000,0.0000,1.0000,0.0000,0.0000
falkenberg,larm,alla,dator,15,12,0.2000,0.0000,1.0000,12,1.0000,0.0000,1.0000,0.0000,0.0000
falkenberg,larm,ort,alla,6,6,0.0000,0.0000,1.0000,6,1.0000,0.0000,1.0000,0.0000,0.0000
falkenberg,larm,ort,mobil,3,3,0.0000,0.0000,1.0000,3,1.0000,0.0000,1.0000,0.0000,0.0000
falkenberg,larm,ort,dator,3,3,0.0000,0.0000,1.0000,3,1.0000,0.0000,1.0000,0.0000,0.0000
falkenberg,larm,i_ort,alla,6,6,0.0000,0.0000,1.0000,6,1.0000,0.0000,1.0000,0.0000,0.0000
falkenberg,larm,i_ort,mobil,3,3,0.0000,0.0000,1.0000,3,1.0000,0.0000,1.0000,0.0000,0.0000
falkenberg,larm,i_ort,dator,3,3,0.0000,0.0000,1.0000,3,1.0000,0.0000,1.0000,0.0000,0.0000
falkenberg,larm,basta,alla,6,6,0.0000,0.0000,1.0000,6,1.0000,0.0000,1.0000,0.0000,0.0000
falkenberg,larm,basta,mobil,3,3,0.0000,0.0000,1.0000,3,1.0000,0.0000,1.0000,0.0000,0.0000
falkenberg,larm,basta,dator,3,3,0.0000,0.0000,1.0000,3,1.0000,0.0000,1.0000,0.0000,0.0000
falkenberg,larm,nara_mig,alla,6,5,0.1667,0.0000,1.0000,5,1.0000,0.0000,1.0000,0.0000,0.0000
falkenberg,larm,nara_mig,mobil,3,2,0.3333,0.0000,1.0000,2,1.0000,0.0000,1.0000,0.0000,0.0000
falkenberg,larm,nara_mig,dator,3,3,0.0000,0.0000,1.0000,3,1.0000,0.0000,1.0000,0.0000,0.0000
falkenberg,larm,akut,alla,6,0,1.0000,,,0,1.0000,,,,
falkenberg,larm,akut,mobil,3,0,1.0000,,,0,1.0000,,,,
falkenberg,larm,akut,dator,3,0,1.0000,,,0,1.0000,,,,
falkenberg,lås,alla,alla,30,14,0.5333,0.3571,0.5000,14,0.7667,0.3571,0.5000,0.2778,0.0000
falkenberg,lås,alla,mobil,15,9,0.4000,0.5556,0.2222,9,0.5333,0.5556,0.2222,0.2308,0.0000
falkenberg,lås,alla,dator,15,5,0.6667,0.0000,1.0000,5,1.0000,0.0000,1.0000,0.4000,0.0000
falkenberg,lås,ort,alla,6,2,0.6667,0.0000,0.5000,2,0.8333,0.0000,0.5000,0.0000,0.0000
falkenberg,lås,ort,mobil,3,2,0.3333,0.0000,0.5000,2,0.6667,0.0000,0.5000,0.0000,0.0000
falkenberg,lås,ort,dator,3,0,1.0000,,,0,1.0000,,,,
falkenberg,lås,i_ort,alla,6,4,0.3333,0.5000,0.5000,4,0.6667,0.5000,0.5000,0.0000,0.0000
falkenberg,lås,i_ort,mobil,3,2,0.3333,1.0000,0.0000,2,0.3333,1.0000,0.0000,0.0000,0.0000
falkenberg,lås,i_ort,dator,3,2,0.3333,0.0000,1.0000,2,1.0000,0.0000,1.0000,0.0000,0.0000
falkenberg,lås,basta,alla,6,2,0.6667,0.0000,0.5000,2,0.8333,0.0000,0.5000,0.0000,0.0000
falkenberg,lås,basta,mobil,3,1,0.6667,0.0000,0.0000,1,0.6667,0.0000,0.0000,0.0000,0.0000
falkenberg,lås,basta,dator,3,1,0.6667,0.0000,1.0000,1,1.0000,0.0000,1.0000,0.0000,0.0000
falkenberg,lås,nara_mig,alla,6,1,0.8333,1.0000,0.0000,1,0.8333,1.0000,0.0000,0.0000,0.0000
falkenberg,lås,nara_mig,mobil,3,1,0.6667,1.0000,0.0000,1,0.6667,1.0000,0.0000,0.0000,0.0000
falkenberg,lås,nara_mig,dator,3,0,1.0000,,,0,1.0000,,,,
falkenberg,lås,akut,alla,6,5,0.1667,0.4000,0.6000,5,0.6667,0.4000,0.6000,0.7143,0.0000
falkenberg,lås,akut,mobil,3,3,0.0000,0.6667,0.3333,3,0.3333,0.6667,0.3333,0.6000,0.0000
falkenberg,lås,akut,dator,3,2,0.3333,0.0000,1.0000,2,1.0000,0.0000,1.0000,1.0000,0.0000
falkenberg,låssmed,alla,alla,30,0,1.0000,,,0,1.0000,,,,
falkenberg,låssmed,alla,mobil,15,0,1.0000,,,0,1.0000,,,,
falkenberg,låssmed,alla,dator,15,0,1.0000,,,0,1.0000,,,,
falkenberg,låssmed,ort,alla,6,0,1.0000,,,0,1.0000,,,,
falkenberg,låssmed,ort,mobil,3,0,1.0000,,,0,1.0000,,,,
falkenberg,låssmed,ort,dator,3,0,1.0000,,,0,1.0000,,,,
falkenberg,låssmed,i_ort,alla,6,0,1.0000,,,0,1.0000,,,,
falkenberg,låssmed,i_ort,mobil,3,0,1.0000,,,0,1.0000,,,,
falkenberg,låssmed,i_ort,dator,3,0,1.0000,,,0,1.0000,,,,
falkenberg,låssmed,basta,alla,6,0,1.0000,,,0,1.0000,,,,
falkenberg,låssmed,basta,mobil,3,0,1.0000,,,0,1.0000,,,,
falkenberg,låssmed,basta,dator,3,0,1.0000,,,0,1.0000,,,,
falkenberg,låssmed,nara_mig,alla,6,0,1.0000,,,0,1.0000,,,,
falkenberg,låssmed,nara_mig,mobil,3,0,1.0000,,,0,1.0000,,,,
falkenberg,låssmed,nara_mig,dator,3,0,1.0000,,,0,1.0000,,,,
falkenberg,låssmed,akut,alla,6,0,1.0000,,,0,1.0000,,,,
falkenberg,låssmed,akut,mobil,3,0,1.0000,,,0,1.0000,,,,
falkenberg,låssmed,akut,dator,3,0,1.0000,,,0,1.0000,,,,
falkenberg,glasmästare,alla,alla,30,5,0.8333,0.0000,1.0000,5,1.0000,1.0000,0.0000,0.0000,0.0000
falkenberg,glasmästare,alla,mobil,15,5,0.6667,0.0000,1.0000,5,1.0000,1.0000,0.0000,0.0000,0.0000
falkenberg,glasmästare,alla,dator,15,0,1.0000,,,0,1.0000,,,,
falkenberg,glasmästare,ort,alla,6,0,1.0000,,,0,1.0000,,,,
falkenberg,glasmästare,ort,mobil,3,0,1.0000,,,0,1.0000,,,,
falkenberg,glasmästare,ort,dator,3,0,1.0000,,,0,1.0000,,,,
falkenberg,glasmästare,i_ort,alla,6,2,0.6667,0.0000,1.0000,2,1.0000,1.0000,0.0000,0.0000,0.0000
falkenberg,glasmästare,i_ort,mobil,3,2,0.3333,0.0000,1.0000,2,1.0000,1.0000,0.0000,0.0000,0.0000
falkenberg,glasmästare,i_ort,dator,3,0,1.0000,,,0,1.0000,,,,
falkenberg,glasmästare,basta,alla,6,1,0.8333,0.0000,1.0000,1,1.0000,1.0000,0.0000,0.0000,0.0000
falkenberg,glasmästare,basta,mobil,3,1,0.6667,0.0000,1.0000,1,1.0000,1.0000,0.0000,0.0000,0.0000
falkenberg,glasmästare,basta,dator,3,0,1.0000,,,0,1.0000,,,,
falkenberg,glasmästare,nara_mig,alla,6,0,1.0000,,,0,1.0000,,,,
falkenberg,glasmästare,nara_mig,mobil,3,0,1.0000,,,0,1.0000,,,,
falkenberg,glasmästare,nara_mig,dator,3,0,1.0000,,,0,1.0000,,,,
falkenberg,glasmästare,akut,alla,6,2,0.6667,0.0000,1.0000,2,1.0000,1.0000,0.0000,0.0000,0.0000
falkenberg,glasmästare,akut,mobil,3,2,0.3333,0.0000,1.0000,2,1.0000,1.0000,0.0000,0.0000,0.0000
falkenberg,glasmästare,akut,dator,3,0,1.0000,,,0,1.0000,,,,
falkenberg,bilrekond,alla,alla,30,1,0.9667,0.0000,,0,,0.0000,,0.0000,0.0000
falkenberg,bilrekond,alla,mobil,15,0,1.0000,,,0,,,,,
falkenberg,bilrekond,alla,dator,15,1,0.9333,0.0000,,0,,0.0000,,0.0000,0.0000
falkenberg,bilrekond,ort,alla,6,0,1.0000,,,0,,,,,
falkenberg,bilrekond,ort,mobil,3,0,1.0000,,,0,,,,,
falkenberg,bilrekond,ort,dator,3,0,1.0000,,,0,,,,,
falkenberg,bilrekond,i_ort,alla,6,0,1.0000,,,0,,,,,
falkenberg,bilrekond,i_ort,mobil,3,0,1.0000,,,0,,,,,
falkenberg,bilrekond,i_ort,dator,3,0,1.0000,,,0,,,,,
falkenberg,bilrekond,basta,alla,6,0,1.0000,,,0,,,,,
falkenberg,bilrekond,basta,mobil,3,0,1.0000,,,0,,,,,
falkenberg,bilrekond,basta,dator,3,0,1.0000,,,0,,,,,
falkenberg,bilrekond,nara_mig,alla,6,1,0.8333,0.0000,,0,,0.0000,,0.0000,0.0000
falkenberg,bilrekond,nara_mig,mobil,3,0,1.0000,,,0,,,,,
falkenberg,bilrekond,nara_mig,dator,3,1,0.6667,0.0000,,0,,0.0000,,0.0000,0.0000
falkenberg,bilrekond,akut,alla,6,0,1.0000,,,0,,,,,
falkenberg,bilrekond,akut,mobil,3,0,1.0000,,,0,,,,,
falkenberg,bilrekond,akut,dator,3,0,1.0000,,,0,,,,,
falkenberg,husbesiktning,alla,alla,30,27,0.1000,0.0000,,0,,0.0000,,0.0000,0.0000
falkenberg,husbesiktning,alla,mobil,15,14,0.0667,0.0000,,0,,0.0000,,0.0000,0.0000
falkenberg,husbesiktning,alla,dator,15,13,0.1333,0.0000,,0,,0.0000,,0.0000,0.0000
falkenberg,husbesiktning,ort,alla,6,6,0.0000,0.0000,,0,,0.0000,,0.0000,0.0000
falkenberg,husbesiktning,ort,mobil,3,3,0.0000,0.0000,,0,,0.0000,,0.0000,0.0000
falkenberg,husbesiktning,ort,dator,3,3,0.0000,0.0000,,0,,0.0000,,0.0000,0.0000
falkenberg,husbesiktning,i_ort,alla,6,6,0.0000,0.0000,,0,,0.0000,,0.0000,0.0000
falkenberg,husbesiktning,i_ort,mobil,3,3,0.0000,0.0000,,0,,0.0000,,0.0000,0.0000
falkenberg,husbesiktning,i_ort,dator,3,3,0.0000,0.0000,,0,,0.0000,,0.0000,0.0000
falkenberg,husbesiktning,basta,alla,6,5,0.1667,0.0000,,0,,0.0000,,0.0000,0.0000
falkenberg,husbesiktning,basta,mobil,3,3,0.0000,0.0000,,0,,0.0000,,0.0000,0.0000
falkenberg,husbesiktning,basta,dator,3,2,0.3333,0.0000,,0,,0.0000,,0.0000,0.0000
falkenberg,husbesiktning,nara_mig,alla,6,5,0.1667,0.0000,,0,,0.0000,,0.0000,0.0000
falkenberg,husbesiktning,nara_mig,mobil,3,2,0.3333,0.0000,,0,,0.0000,,0.0000,0.0000
falkenberg,husbesiktning,nara_mig,dator,3,3,0.0000,0.0000,,0,,0.0000,,0.0000,0.0000
falkenberg,husbesiktning,akut,alla,6,5,0.1667,0.0000,,0,,0.0000,,0.0000,0.0000
falkenberg,husbesiktning,akut,mobil,3,3,0.0000,0.0000,,0,,0.0000,,0.0000,0.0000
falkenberg,husbesiktning,akut,dator,3,2,0.3333,0.0000,,0,,0.0000,,0.0000,0.0000
falkenberg,energideklaration,alla,alla,30,26,0.1333,0.0000,,0,,0.0000,,0.0000,0.0000
falkenberg,energideklaration,alla,mobil,15,15,0.0000,0.0000,,0,,0.0000,,0.0000,0.0000
falkenberg,energideklaration,alla,dator,15,11,0.2667,0.0000,,0,,0.0000,,0.0000,0.0000
falkenberg,energideklaration,ort,alla,6,6,0.0000,0.0000,,0,,0.0000,,0.0000,0.0000
falkenberg,energideklaration,ort,mobil,3,3,0.0000,0.0000,,0,,0.0000,,0.0000,0.0000
falkenberg,energideklaration,ort,dator,3,3,0.0000,0.0000,,0,,0.0000,,0.0000,0.0000
falkenberg,energideklaration,i_ort,alla,6,5,0.1667,0.0000,,0,,0.0000,,0.0000,0.0000
falkenberg,energideklaration,i_ort,mobil,3,3,0.0000,0.0000,,0,,0.0000,,0.0000,0.0000
falkenberg,energideklaration,i_ort,dator,3,2,0.3333,0.0000,,0,,0.0000,,0.0000,0.0000
falkenberg,energideklaration,basta,alla,6,5,0.1667,0.0000,,0,,0.0000,,0.0000,0.0000
falkenberg,energideklaration,basta,mobil,3,3,0.0000,0.0000,,0,,0.0000,,0.0000,0.0000
falkenberg,energideklaration,basta,dator,3,2,0.3333,0.0000,,0,,0.0000,,0.0000,0.0000
falkenberg,energideklaration,nara_mig,alla,6,5,0.1667,0.0000,,0,,0.0000,,0.0000,0.0000
falkenberg,energideklaration,nara_mig,mobil,3,3,0.0000,0.0000,,0,,0.0000,,0.0000,0.0000
falkenberg,energideklaration,nara_mig,dator,3,2,0.3333,0.0000,,0,,0.0000,,0.0000,0.0000
falkenberg,energideklaration,akut,alla,6,5,0.1667,0.0000,,0,,0.0000,,0.0000,0.0000
falkenberg,energideklaration,akut,mobil,3,3,0.0000,0.0000,,0,,0.0000,,0.0000,0.0000
falkenberg,energideklaration,akut,dator,3,2,0.3333,0.0000,,0,,0.0000,,0.0000,0.0000
falkenberg,hundtrim,alla,alla,30,0,1.0000,,,0,,,,,
falkenberg,hundtrim,alla,mobil,15,0,1.0000,,,0,,,,,
falkenberg,hundtrim,alla,dator,15,0,1.0000,,,0,,,,,
falkenberg,hundtrim,ort,alla,6,0,1.0000,,,0,,,,,
falkenberg,hundtrim,ort,mobil,3,0,1.0000,,,0,,,,,
falkenberg,hundtrim,ort,dator,3,0,1.0000,,,0,,,,,
falkenberg,hundtrim,i_ort,alla,6,0,1.0000,,,0,,,,,
falkenberg,hundtrim,i_ort,mobil,3,0,1.0000,,,0,,,,,
falkenberg,hundtrim,i_ort,dator,3,0,1.0000,,,0,,,,,
falkenberg,hundtrim,basta,alla,6,0,1.0000,,,0,,,,,
falkenberg,hundtrim,basta,mobil,3,0,1.0000,,,0,,,,,
falkenberg,hundtrim,basta,dator,3,0,1.0000,,,0,,,,,
falkenberg,hundtrim,nara_mig,alla,6,0,1.0000,,,0,,,,,
falkenberg,hundtrim,nara_mig,mobil,3,0,1.0000,,,0,,,,,
falkenberg,hundtrim,nara_mig,dator,3,0,1.0000,,,0,,,,,
falkenberg,hundtrim,akut,alla,6,0,1.0000,,,0,,,,,
falkenberg,hundtrim,akut,mobil,3,0,1.0000,,,0,,,,,
falkenberg,hundtrim,akut,dator,3,0,1.0000,,,0,,,,,
falkenberg,catering,alla,alla,30,15,0.5000,0.0000,1.0000,15,1.0000,0.8000,0.0667,0.0000,0.0000
falkenberg,catering,alla,mobil,15,9,0.4000,0.0000,1.0000,9,1.0000,1.0000,0.0000,0.0000,0.0000
falkenberg,catering,alla,dator,15,6,0.6000,0.0000,1.0000,6,1.0000,0.5000,0.1667,0.0000,0.0000
falkenberg,catering,ort,alla,6,4,0.3333,0.0000,1.0000,4,1.0000,1.0000,0.0000,0.0000,0.0000
falkenberg,catering,ort,mobil,3,3,0.0000,0.0000,1.0000,3,1.0000,1.0000,0.0000,0.0000,0.0000
falkenberg,catering,ort,dator,3,1,0.6667,0.0000,1.0000,1,1.0000,1.0000,0.0000,0.0000,0.0000
falkenberg,catering,i_ort,alla,6,4,0.3333,0.0000,1.0000,4,1.0000,0.7500,0.0000,0.0000,0.0000
falkenberg,catering,i_ort,mobil,3,2,0.3333,0.0000,1.0000,2,1.0000,1.0000,0.0000,0.0000,0.0000
falkenberg,catering,i_ort,dator,3,2,0.3333,0.0000,1.0000,2,1.0000,0.5000,0.0000,0.0000,0.0000
falkenberg,catering,basta,alla,6,2,0.6667,0.0000,1.0000,2,1.0000,0.5000,0.0000,0.0000,0.0000
falkenberg,catering,basta,mobil,3,1,0.6667,0.0000,1.0000,1,1.0000,1.0000,0.0000,0.0000,0.0000
falkenberg,catering,basta,dator,3,1,0.6667,0.0000,1.0000,1,1.0000,0.0000,0.0000,0.0000,0.0000
falkenberg,catering,nara_mig,alla,6,1,0.8333,0.0000,1.0000,1,1.0000,0.0000,1.0000,0.0000,0.0000
falkenberg,catering,nara_mig,mobil,3,0,1.0000,,,0,1.0000,,,,
falkenberg,catering,nara_mig,dator,3,1,0.6667,0.0000,1.0000,1,1.0000,0.0000,1.0000,0.0000,0.0000
falkenberg,catering,akut,alla,6,4,0.3333,0.0000,1.0000,4,1.0000,1.0000,0.0000,0.0000,0.0000
falkenberg,catering,akut,mobil,3,3,0.0000,0.0000,1.0000,3,1.0000,1.0000,0.0000,0.0000,0.0000
falkenberg,catering,akut,dator,3,1,0.6667,0.0000,1.0000,1,1.0000,1.0000,0.0000,0.0000,0.0000
falkenberg,bageri,alla,alla,30,0,1.0000,,,0,1.0000,,,,
falkenberg,bageri,alla,mobil,15,0,1.0000,,,0,1.0000,,,,
falkenberg,bageri,alla,dator,15,0,1.0000,,,0,1.0000,,,,
falkenberg,bageri,ort,alla,6,0,1.0000,,,0,1.0000,,,,
falkenberg,bageri,ort,mobil,3,0,1.0000,,,0,1.0000,,,,
falkenberg,bageri,ort,dator,3,0,1.0000,,,0,1.0000,,,,
falkenberg,bageri,i_ort,alla,6,0,1.0000,,,0,1.0000,,,,
falkenberg,bageri,i_ort,mobil,3,0,1.0000,,,0,1.0000,,,,
falkenberg,bageri,i_ort,dator,3,0,1.0000,,,0,1.0000,,,,
falkenberg,bageri,basta,alla,6,0,1.0000,,,0,1.0000,,,,
falkenberg,bageri,basta,mobil,3,0,1.0000,,,0,1.0000,,,,
falkenberg,bageri,basta,dator,3,0,1.0000,,,0,1.0000,,,,
falkenberg,bageri,nara_mig,alla,6,0,1.0000,,,0,1.0000,,,,
falkenberg,bageri,nara_mig,mobil,3,0,1.0000,,,0,1.0000,,,,
falkenberg,bageri,nara_mig,dator,3,0,1.0000,,,0,1.0000,,,,
falkenberg,bageri,akut,alla,6,0,1.0000,,,0,1.0000,,,,
falkenberg,bageri,akut,mobil,3,0,1.0000,,,0,1.0000,,,,
falkenberg,bageri,akut,dator,3,0,1.0000,,,0,1.0000,,,,
falkenberg,skräddare,alla,alla,30,0,1.0000,,,0,,,,,
falkenberg,skräddare,alla,mobil,15,0,1.0000,,,0,,,,,
falkenberg,skräddare,alla,dator,15,0,1.0000,,,0,,,,,
falkenberg,skräddare,ort,alla,6,0,1.0000,,,0,,,,,
falkenberg,skräddare,ort,mobil,3,0,1.0000,,,0,,,,,
falkenberg,skräddare,ort,dator,3,0,1.0000,,,0,,,,,
falkenberg,skräddare,i_ort,alla,6,0,1.0000,,,0,,,,,
falkenberg,skräddare,i_ort,mobil,3,0,1.0000,,,0,,,,,
falkenberg,skräddare,i_ort,dator,3,0,1.0000,,,0,,,,,
falkenberg,skräddare,basta,alla,6,0,1.0000,,,0,,,,,
falkenberg,skräddare,basta,mobil,3,0,1.0000,,,0,,,,,
falkenberg,skräddare,basta,dator,3,0,1.0000,,,0,,,,,
falkenberg,skräddare,nara_mig,alla,6,0,1.0000,,,0,,,,,
falkenberg,skräddare,nara_mig,mobil,3,0,1.0000,,,0,,,,,
falkenberg,skräddare,nara_mig,dator,3,0,1.0000,,,0,,,,,
falkenberg,skräddare,akut,alla,6,0,1.0000,,,0,,,,,
falkenberg,skräddare,akut,mobil,3,0,1.0000,,,0,,,,,
falkenberg,skräddare,akut,dator,3,0,1.0000,,,0,,,,,
falkenberg,cykelreparation,alla,alla,30,1,0.9667,1.0000,0.0000,1,0.9667,1.0000,0.0000,0.0000,0.0000
falkenberg,cykelreparation,alla,mobil,15,0,1.0000,,,0,1.0000,,,,
falkenberg,cykelreparation,alla,dator,15,1,0.9333,1.0000,0.0000,1,0.9333,1.0000,0.0000,0.0000,0.0000
falkenberg,cykelreparation,ort,alla,6,1,0.8333,1.0000,0.0000,1,0.8333,1.0000,0.0000,0.0000,0.0000
falkenberg,cykelreparation,ort,mobil,3,0,1.0000,,,0,1.0000,,,,
falkenberg,cykelreparation,ort,dator,3,1,0.6667,1.0000,0.0000,1,0.6667,1.0000,0.0000,0.0000,0.0000
falkenberg,cykelreparation,i_ort,alla,6,0,1.0000,,,0,1.0000,,,,
falkenberg,cykelreparation,i_ort,mobil,3,0,1.0000,,,0,1.0000,,,,
falkenberg,cykelreparation,i_ort,dator,3,0,1.0000,,,0,1.0000,,,,
falkenberg,cykelreparation,basta,alla,6,0,1.0000,,,0,1.0000,,,,
falkenberg,cykelreparation,basta,mobil,3,0,1.0000,,,0,1.0000,,,,
falkenberg,cykelreparation,basta,dator,3,0,1.0000,,,0,1.0000,,,,
falkenberg,cykelreparation,nara_mig,alla,6,0,1.0000,,,0,1.0000,,,,
falkenberg,cykelreparation,nara_mig,mobil,3,0,1.0000,,,0,1.0000,,,,
falkenberg,cykelreparation,nara_mig,dator,3,0,1.0000,,,0,1.0000,,,,
falkenberg,cykelreparation,akut,alla,6,0,1.0000,,,0,1.0000,,,,
falkenberg,cykelreparation,akut,mobil,3,0,1.0000,,,0,1.0000,,,,
falkenberg,cykelreparation,akut,dator,3,0,1.0000,,,0,1.0000,,,,